2,Fitness function Schaffer,5,0.7634769708101384
9,Fitness function Schaffer,5,1
10,Fitness function Schaffer,5,0.8393152991697764
3,Fitness function Schaffer,5,0.8310724429367105
4,Fitness function Schaffer,5,0.6199204009395841
6,Fitness function Schaffer,5,0.9992952506441721
8,Fitness function Schaffer,5,0.9992952506441721
7,Fitness function Schaffer,5,0.6060419403162854
5,Fitness function Schaffer,5,0.7263226253850302
18,Fitness function Schaffer,5,0.5691602221254759
14,Fitness function Schaffer,5,0.5614325929063634
12,Fitness function Schaffer,5,0.6555914072846927
16,Fitness function Schaffer,5,0.8723690199716857
13,Fitness function Schaffer,5,0.7779502102315905
11,Fitness function Schaffer,5,0.9992952506441721
19,Fitness function Schaffer,5,1
15,Fitness function Schaffer,5,0.9992952506441721
17,Fitness function Schaffer,5,1
20,Fitness function Schaffer,5,0.5808918267810477
28,Fitness function Schaffer,10,0.5938737473679851
22,Fitness function Schaffer,10,1
27,Fitness function Schaffer,10,0.9032847811115282
26,Fitness function Schaffer,10,0.5887828047248173
24,Fitness function Schaffer,10,1
23,Fitness function Schaffer,10,1
29,Fitness function Schaffer,10,0.9992952506441721
30,Fitness function Schaffer,10,1
25,Fitness function Schaffer,10,0.9992952506441721
21,Fitness function Schaffer,10,0.9992952506441721
32,Fitness function Schaffer,10,1
37,Fitness function Schaffer,10,0.6527365257974458
36,Fitness function Schaffer,10,0.680906062282291
34,Fitness function Schaffer,10,1
40,Fitness function Schaffer,10,0.873256582798163
39,Fitness function Schaffer,10,0.8310724429367105
33,Fitness function Schaffer,10,0.5652824607487583
38,Fitness function Schaffer,10,0.9992952506441721
35,Fitness function Schaffer,10,0.7893461468956237
31,Fitness function Schaffer,10,0.7569148249214285
41,Fitness function Schaffer,15,1
45,Fitness function Schaffer,15,1
44,Fitness function Schaffer,15,1
49,Fitness function Schaffer,15,0.9992952506441721
50,Fitness function Schaffer,15,0.6906763112107267
47,Fitness function Schaffer,15,1
46,Fitness function Schaffer,15,1
43,Fitness function Schaffer,15,0.5969779601086899
42,Fitness function Schaffer,15,0.9992952506441721
48,Fitness function Schaffer,15,1
55,Fitness function Schaffer,15,1
58,Fitness function Schaffer,15,1
56,Fitness function Schaffer,15,1
51,Fitness function Schaffer,15,1
54,Fitness function Schaffer,15,1
57,Fitness function Schaffer,15,1
53,Fitness function Schaffer,15,1
59,Fitness function Schaffer,15,1
52,Fitness function Schaffer,15,1
60,Fitness function Schaffer,15,0.8038138036872307
63,Fitness function Schaffer,20,0.873256582798163
61,Fitness function Schaffer,20,1
62,Fitness function Schaffer,20,1
68,Fitness function Schaffer,20,1
67,Fitness function Schaffer,20,1
64,Fitness function Schaffer,20,1
65,Fitness function Schaffer,20,1
66,Fitness function Schaffer,20,1
69,Fitness function Schaffer,20,1
75,Fitness function Schaffer,20,1
76,Fitness function Schaffer,20,1
70,Fitness function Schaffer,20,1
78,Fitness function Schaffer,20,1
77,Fitness function Schaffer,20,1
71,Fitness function Schaffer,20,1
74,Fitness function Schaffer,20,1
72,Fitness function Schaffer,20,1
73,Fitness function Schaffer,20,0.7061802316292852
79,Fitness function Schaffer,20,1
84,Fitness function Schaffer,25,0.8038138036872307
87,Fitness function Schaffer,25,1
85,Fitness function Schaffer,25,0.9992952506441721
89,Fitness function Schaffer,25,1
86,Fitness function Schaffer,25,1
88,Fitness function Schaffer,25,1
81,Fitness function Schaffer,25,1
83,Fitness function Schaffer,25,1
80,Fitness function Schaffer,20,1
82,Fitness function Schaffer,25,1
91,Fitness function Schaffer,25,1
94,Fitness function Schaffer,25,0.9992952506441721
90,Fitness function Schaffer,25,1
95,Fitness function Schaffer,25,0.6183362312216839
96,Fitness function Schaffer,25,0.9992952506441721
92,Fitness function Schaffer,25,1
98,Fitness function Schaffer,25,1
97,Fitness function Schaffer,25,1
93,Fitness function Schaffer,25,1
99,Fitness function Schaffer,25,1
104,Fitness function Schaffer,30,1
103,Fitness function Schaffer,30,1
100,Fitness function Schaffer,25,0.9992952506441721
102,Fitness function Schaffer,30,1
101,Fitness function Schaffer,30,0.9992952506441721
105,Fitness function Schaffer,30,1
106,Fitness function Schaffer,30,1
108,Fitness function Schaffer,30,1
107,Fitness function Schaffer,30,1
109,Fitness function Schaffer,30,1
110,Fitness function Schaffer,30,1
111,Fitness function Schaffer,30,1
112,Fitness function Schaffer,30,1
113,Fitness function Schaffer,30,1
115,Fitness function Schaffer,30,1
114,Fitness function Schaffer,30,1
118,Fitness function Schaffer,30,1
117,Fitness function Schaffer,30,0.9992952506441721
116,Fitness function Schaffer,30,1
120,Fitness function Schaffer,30,1
121,Fitness function Schaffer,35,1
119,Fitness function Schaffer,30,1
122,Fitness function Schaffer,35,1
124,Fitness function Schaffer,35,1
125,Fitness function Schaffer,35,1
123,Fitness function Schaffer,35,1
127,Fitness function Schaffer,35,1
126,Fitness function Schaffer,35,1
128,Fitness function Schaffer,35,1
130,Fitness function Schaffer,35,1
132,Fitness function Schaffer,35,1
133,Fitness function Schaffer,35,1
131,Fitness function Schaffer,35,1
129,Fitness function Schaffer,35,1
135,Fitness function Schaffer,35,1
134,Fitness function Schaffer,35,1
136,Fitness function Schaffer,35,1
137,Fitness function Schaffer,35,1
138,Fitness function Schaffer,35,1
140,Fitness function Schaffer,35,1
139,Fitness function Schaffer,35,1
141,Fitness function Schaffer,40,1
143,Fitness function Schaffer,40,1
142,Fitness function Schaffer,40,1
144,Fitness function Schaffer,40,1
145,Fitness function Schaffer,40,1
146,Fitness function Schaffer,40,1
148,Fitness function Schaffer,40,1
147,Fitness function Schaffer,40,1
150,Fitness function Schaffer,40,1
151,Fitness function Schaffer,40,1
149,Fitness function Schaffer,40,1
152,Fitness function Schaffer,40,1
154,Fitness function Schaffer,40,1
153,Fitness function Schaffer,40,1
155,Fitness function Schaffer,40,1
156,Fitness function Schaffer,40,1
157,Fitness function Schaffer,40,1
158,Fitness function Schaffer,40,1
159,Fitness function Schaffer,40,1
160,Fitness function Schaffer,40,1
161,Fitness function Schaffer,45,1
162,Fitness function Schaffer,45,1
163,Fitness function Schaffer,45,1
164,Fitness function Schaffer,45,0.9992952506441721
166,Fitness function Schaffer,45,1
165,Fitness function Schaffer,45,1
167,Fitness function Schaffer,45,1
168,Fitness function Schaffer,45,1
170,Fitness function Schaffer,45,1
169,Fitness function Schaffer,45,1
171,Fitness function Schaffer,45,1
172,Fitness function Schaffer,45,0.9992952506441721
173,Fitness function Schaffer,45,1
175,Fitness function Schaffer,45,1
174,Fitness function Schaffer,45,1
176,Fitness function Schaffer,45,1
177,Fitness function Schaffer,45,1
178,Fitness function Schaffer,45,1
179,Fitness function Schaffer,45,1
180,Fitness function Schaffer,45,1
181,Fitness function Schaffer,50,1
182,Fitness function Schaffer,50,1
183,Fitness function Schaffer,50,1
184,Fitness function Schaffer,50,1
186,Fitness function Schaffer,50,1
185,Fitness function Schaffer,50,1
188,Fitness function Schaffer,50,1
187,Fitness function Schaffer,50,1
189,Fitness function Schaffer,50,1
190,Fitness function Schaffer,50,1
191,Fitness function Schaffer,50,1
192,Fitness function Schaffer,50,1
194,Fitness function Schaffer,50,1
195,Fitness function Schaffer,50,1
193,Fitness function Schaffer,50,1
196,Fitness function Schaffer,50,1
197,Fitness function Schaffer,50,1
198,Fitness function Schaffer,50,1
199,Fitness function Schaffer,50,1
201,Fitness function Schaffer,55,1
200,Fitness function Schaffer,50,1
202,Fitness function Schaffer,55,1
203,Fitness function Schaffer,55,1
205,Fitness function Schaffer,55,1
204,Fitness function Schaffer,55,1
207,Fitness function Schaffer,55,1
208,Fitness function Schaffer,55,1
206,Fitness function Schaffer,55,1
211,Fitness function Schaffer,55,1
209,Fitness function Schaffer,55,1
210,Fitness function Schaffer,55,1
212,Fitness function Schaffer,55,1
213,Fitness function Schaffer,55,1
214,Fitness function Schaffer,55,1
215,Fitness function Schaffer,55,1
216,Fitness function Schaffer,55,1
217,Fitness function Schaffer,55,1
219,Fitness function Schaffer,55,1
220,Fitness function Schaffer,55,1
221,Fitness function Schaffer,60,1
218,Fitness function Schaffer,55,1
222,Fitness function Schaffer,60,1
223,Fitness function Schaffer,60,1
224,Fitness function Schaffer,60,1
225,Fitness function Schaffer,60,1
226,Fitness function Schaffer,60,1
229,Fitness function Schaffer,60,1
227,Fitness function Schaffer,60,1
228,Fitness function Schaffer,60,1
230,Fitness function Schaffer,60,1
233,Fitness function Schaffer,60,1
232,Fitness function Schaffer,60,1
234,Fitness function Schaffer,60,1
235,Fitness function Schaffer,60,1
231,Fitness function Schaffer,60,1
236,Fitness function Schaffer,60,1
238,Fitness function Schaffer,60,1
239,Fitness function Schaffer,60,1
237,Fitness function Schaffer,60,1
240,Fitness function Schaffer,60,1
243,Fitness function Schaffer,65,1
241,Fitness function Schaffer,65,1
244,Fitness function Schaffer,65,1
242,Fitness function Schaffer,65,1
246,Fitness function Schaffer,65,1
247,Fitness function Schaffer,65,1
245,Fitness function Schaffer,65,1
248,Fitness function Schaffer,65,1
249,Fitness function Schaffer,65,1
250,Fitness function Schaffer,65,1
253,Fitness function Schaffer,65,1
254,Fitness function Schaffer,65,1
252,Fitness function Schaffer,65,1
251,Fitness function Schaffer,65,1
256,Fitness function Schaffer,65,1
255,Fitness function Schaffer,65,1
257,Fitness function Schaffer,65,1
258,Fitness function Schaffer,65,1
259,Fitness function Schaffer,65,1
260,Fitness function Schaffer,65,1
263,Fitness function Schaffer,70,1
261,Fitness function Schaffer,70,1
262,Fitness function Schaffer,70,1
264,Fitness function Schaffer,70,1
266,Fitness function Schaffer,70,1
265,Fitness function Schaffer,70,1
268,Fitness function Schaffer,70,1
269,Fitness function Schaffer,70,1
267,Fitness function Schaffer,70,1
270,Fitness function Schaffer,70,1
272,Fitness function Schaffer,70,1
271,Fitness function Schaffer,70,1
273,Fitness function Schaffer,70,1
274,Fitness function Schaffer,70,1
276,Fitness function Schaffer,70,1
275,Fitness function Schaffer,70,1
277,Fitness function Schaffer,70,1
278,Fitness function Schaffer,70,1
279,Fitness function Schaffer,70,1
280,Fitness function Schaffer,70,1
283,Fitness function Schaffer,75,1
282,Fitness function Schaffer,75,1
281,Fitness function Schaffer,75,1
284,Fitness function Schaffer,75,1
285,Fitness function Schaffer,75,1
286,Fitness function Schaffer,75,1
287,Fitness function Schaffer,75,1
288,Fitness function Schaffer,75,1
289,Fitness function Schaffer,75,1
290,Fitness function Schaffer,75,1
292,Fitness function Schaffer,75,1
291,Fitness function Schaffer,75,1
293,Fitness function Schaffer,75,1
294,Fitness function Schaffer,75,1
295,Fitness function Schaffer,75,1
296,Fitness function Schaffer,75,1
297,Fitness function Schaffer,75,1
298,Fitness function Schaffer,75,1
299,Fitness function Schaffer,75,1
300,Fitness function Schaffer,75,1
301,Fitness function Schaffer,80,1
302,Fitness function Schaffer,80,1
303,Fitness function Schaffer,80,1
305,Fitness function Schaffer,80,1
304,Fitness function Schaffer,80,1
306,Fitness function Schaffer,80,1
307,Fitness function Schaffer,80,1
308,Fitness function Schaffer,80,1
311,Fitness function Schaffer,80,1
309,Fitness function Schaffer,80,1
310,Fitness function Schaffer,80,1
313,Fitness function Schaffer,80,1
312,Fitness function Schaffer,80,1
315,Fitness function Schaffer,80,1
314,Fitness function Schaffer,80,1
316,Fitness function Schaffer,80,1
318,Fitness function Schaffer,80,1
317,Fitness function Schaffer,80,1
319,Fitness function Schaffer,80,1
320,Fitness function Schaffer,80,1
321,Fitness function Schaffer,85,1
322,Fitness function Schaffer,85,1
323,Fitness function Schaffer,85,1
325,Fitness function Schaffer,85,1
324,Fitness function Schaffer,85,1
326,Fitness function Schaffer,85,1
327,Fitness function Schaffer,85,1
328,Fitness function Schaffer,85,1
330,Fitness function Schaffer,85,1
331,Fitness function Schaffer,85,1
329,Fitness function Schaffer,85,1
332,Fitness function Schaffer,85,1
333,Fitness function Schaffer,85,1
335,Fitness function Schaffer,85,1
334,Fitness function Schaffer,85,1
336,Fitness function Schaffer,85,1
337,Fitness function Schaffer,85,1
338,Fitness function Schaffer,85,1
340,Fitness function Schaffer,85,1
339,Fitness function Schaffer,85,1
341,Fitness function Schaffer,90,1
342,Fitness function Schaffer,90,1
343,Fitness function Schaffer,90,1
345,Fitness function Schaffer,90,1
344,Fitness function Schaffer,90,1
346,Fitness function Schaffer,90,1
348,Fitness function Schaffer,90,1
347,Fitness function Schaffer,90,1
349,Fitness function Schaffer,90,1
350,Fitness function Schaffer,90,1
351,Fitness function Schaffer,90,1
352,Fitness function Schaffer,90,1
353,Fitness function Schaffer,90,1
355,Fitness function Schaffer,90,1
354,Fitness function Schaffer,90,1
356,Fitness function Schaffer,90,1
359,Fitness function Schaffer,90,1
358,Fitness function Schaffer,90,1
357,Fitness function Schaffer,90,1
360,Fitness function Schaffer,90,1
361,Fitness function Schaffer,95,1
362,Fitness function Schaffer,95,1
363,Fitness function Schaffer,95,1
365,Fitness function Schaffer,95,1
364,Fitness function Schaffer,95,1
366,Fitness function Schaffer,95,1
367,Fitness function Schaffer,95,1
369,Fitness function Schaffer,95,1
368,Fitness function Schaffer,95,1
370,Fitness function Schaffer,95,1
371,Fitness function Schaffer,95,1
372,Fitness function Schaffer,95,1
374,Fitness function Schaffer,95,1
375,Fitness function Schaffer,95,1
373,Fitness function Schaffer,95,1
377,Fitness function Schaffer,95,1
376,Fitness function Schaffer,95,1
378,Fitness function Schaffer,95,1
379,Fitness function Schaffer,95,1
380,Fitness function Schaffer,95,1
381,Fitness function Schaffer,100,1
383,Fitness function Schaffer,100,1
382,Fitness function Schaffer,100,1
385,Fitness function Schaffer,100,1
384,Fitness function Schaffer,100,1
387,Fitness function Schaffer,100,1
386,Fitness function Schaffer,100,1
389,Fitness function Schaffer,100,1
388,Fitness function Schaffer,100,1
393,Fitness function Schaffer,100,1
392,Fitness function Schaffer,100,1
391,Fitness function Schaffer,100,1
394,Fitness function Schaffer,100,1
395,Fitness function Schaffer,100,1
390,Fitness function Schaffer,100,1
396,Fitness function Schaffer,100,1
397,Fitness function Schaffer,100,1
398,Fitness function Schaffer,100,1
399,Fitness function Schaffer,100,1
400,Fitness function Schaffer,100,1
401,Fitness function Shubert,5,0.7997096161673007
403,Fitness function Shubert,5,0.6003248515322266
402,Fitness function Shubert,5,0.6012304707298515
404,Fitness function Shubert,5,0.8006152353649257
406,Fitness function Shubert,5,0.6003248515322266
405,Fitness function Shubert,5,1
409,Fitness function Shubert,5,0.7997096161673007
408,Fitness function Shubert,5,0.8006152353649257
407,Fitness function Shubert,5,0.8006152353649257
410,Fitness function Shubert,5,0.7996751927673003
411,Fitness function Shubert,5,1
412,Fitness function Shubert,5,1
414,Fitness function Shubert,5,0.8006152353649257
415,Fitness function Shubert,5,1
416,Fitness function Shubert,5,0.6003248515322266
413,Fitness function Shubert,5,0.8006152353649257
418,Fitness function Shubert,5,0.8006152353649257
417,Fitness function Shubert,5,0.7997096161673007
419,Fitness function Shubert,5,0.8006152353649257
420,Fitness function Shubert,5,1
421,Fitness function Shubert,10,0.8006152353649257
422,Fitness function Shubert,10,1
423,Fitness function Shubert,10,1
428,Fitness function Shubert,10,0.7997096161673007
424,Fitness function Shubert,10,0.7997096161673007
427,Fitness function Shubert,10,0.7996751927673003
426,Fitness function Shubert,10,0.8006152353649257
425,Fitness function Shubert,10,1
429,Fitness function Shubert,10,1
430,Fitness function Shubert,10,0.7997096161673007
431,Fitness function Shubert,10,1
432,Fitness function Shubert,10,0.8006152353649257
433,Fitness function Shubert,10,0.8006152353649257
435,Fitness function Shubert,10,0.8006152353649257
434,Fitness function Shubert,10,1
436,Fitness function Shubert,10,1
437,Fitness function Shubert,10,1
438,Fitness function Shubert,10,1
440,Fitness function Shubert,10,1
439,Fitness function Shubert,10,1
441,Fitness function Shubert,15,0.7997096161673007
442,Fitness function Shubert,15,0.7997096161673007
443,Fitness function Shubert,15,0.8006152353649257
446,Fitness function Shubert,15,1
444,Fitness function Shubert,15,0.8006152353649257
445,Fitness function Shubert,15,0.7997096161673007
448,Fitness function Shubert,15,1
449,Fitness function Shubert,15,1
450,Fitness function Shubert,15,1
447,Fitness function Shubert,15,1
451,Fitness function Shubert,15,0.7997096161673007
452,Fitness function Shubert,15,1
453,Fitness function Shubert,15,0.8006152353649257
457,Fitness function Shubert,15,1
454,Fitness function Shubert,15,1
456,Fitness function Shubert,15,0.8006152353649257
455,Fitness function Shubert,15,1
458,Fitness function Shubert,15,1
459,Fitness function Shubert,15,0.7997096161673007
460,Fitness function Shubert,15,0.8006152353649257
461,Fitness function Shubert,20,1
462,Fitness function Shubert,20,1
463,Fitness function Shubert,20,1
464,Fitness function Shubert,20,1
465,Fitness function Shubert,20,0.7997096161673007
467,Fitness function Shubert,20,1
466,Fitness function Shubert,20,0.8006152353649257
469,Fitness function Shubert,20,0.7997096161673007
468,Fitness function Shubert,20,1
470,Fitness function Shubert,20,1
472,Fitness function Shubert,20,1
473,Fitness function Shubert,20,1
471,Fitness function Shubert,20,1
477,Fitness function Shubert,20,1
474,Fitness function Shubert,20,1
476,Fitness function Shubert,20,1
475,Fitness function Shubert,20,1
479,Fitness function Shubert,20,1
478,Fitness function Shubert,20,1
480,Fitness function Shubert,20,1
481,Fitness function Shubert,25,1
482,Fitness function Shubert,25,0.7997096161673007
487,Fitness function Shubert,25,1
483,Fitness function Shubert,25,1
484,Fitness function Shubert,25,1
485,Fitness function Shubert,25,0.8006152353649257
486,Fitness function Shubert,25,1
489,Fitness function Shubert,25,1
488,Fitness function Shubert,25,1
491,Fitness function Shubert,25,0.7997096161673007
493,Fitness function Shubert,25,0.7997096161673007
490,Fitness function Shubert,25,1
492,Fitness function Shubert,25,1
494,Fitness function Shubert,25,1
496,Fitness function Shubert,25,0.8006152353649257
495,Fitness function Shubert,25,1
497,Fitness function Shubert,25,1
498,Fitness function Shubert,25,1
499,Fitness function Shubert,25,1
500,Fitness function Shubert,25,0.8006152353649257
503,Fitness function Shubert,30,1
501,Fitness function Shubert,30,1
505,Fitness function Shubert,30,1
506,Fitness function Shubert,30,1
504,Fitness function Shubert,30,1
502,Fitness function Shubert,30,0.7997096161673007
507,Fitness function Shubert,30,0.8006152353649257
508,Fitness function Shubert,30,1
509,Fitness function Shubert,30,0.8006152353649257
511,Fitness function Shubert,30,1
513,Fitness function Shubert,30,0.8006152353649257
510,Fitness function Shubert,30,1
512,Fitness function Shubert,30,1
514,Fitness function Shubert,30,1
515,Fitness function Shubert,30,0.8006152353649257
516,Fitness function Shubert,30,1
517,Fitness function Shubert,30,1
518,Fitness function Shubert,30,1
519,Fitness function Shubert,30,1
522,Fitness function Shubert,35,1
523,Fitness function Shubert,35,1
521,Fitness function Shubert,35,1
520,Fitness function Shubert,30,1
524,Fitness function Shubert,35,1
525,Fitness function Shubert,35,0.8006152353649257
527,Fitness function Shubert,35,1
526,Fitness function Shubert,35,1
528,Fitness function Shubert,35,0.7997096161673007
529,Fitness function Shubert,35,1
531,Fitness function Shubert,35,1
532,Fitness function Shubert,35,1
530,Fitness function Shubert,35,1
533,Fitness function Shubert,35,1
534,Fitness function Shubert,35,1
535,Fitness function Shubert,35,1
536,Fitness function Shubert,35,1
537,Fitness function Shubert,35,1
538,Fitness function Shubert,35,0.8006152353649257
539,Fitness function Shubert,35,1
540,Fitness function Shubert,35,1
541,Fitness function Shubert,40,1
544,Fitness function Shubert,40,1
542,Fitness function Shubert,40,1
543,Fitness function Shubert,40,1
545,Fitness function Shubert,40,1
546,Fitness function Shubert,40,1
547,Fitness function Shubert,40,1
548,Fitness function Shubert,40,1
549,Fitness function Shubert,40,0.7997096161673007
554,Fitness function Shubert,40,1
551,Fitness function Shubert,40,1
552,Fitness function Shubert,40,1
550,Fitness function Shubert,40,1
553,Fitness function Shubert,40,1
555,Fitness function Shubert,40,1
558,Fitness function Shubert,40,1
559,Fitness function Shubert,40,1
556,Fitness function Shubert,40,0.7997096161673007
557,Fitness function Shubert,40,1
561,Fitness function Shubert,45,1
560,Fitness function Shubert,40,1
564,Fitness function Shubert,45,1
563,Fitness function Shubert,45,1
562,Fitness function Shubert,45,1
565,Fitness function Shubert,45,1
569,Fitness function Shubert,45,1
566,Fitness function Shubert,45,1
567,Fitness function Shubert,45,1
568,Fitness function Shubert,45,1
570,Fitness function Shubert,45,1
571,Fitness function Shubert,45,1
572,Fitness function Shubert,45,1
573,Fitness function Shubert,45,1
574,Fitness function Shubert,45,1
575,Fitness function Shubert,45,0.7997096161673007
578,Fitness function Shubert,45,1
576,Fitness function Shubert,45,1
579,Fitness function Shubert,45,1
577,Fitness function Shubert,45,1
581,Fitness function Shubert,50,1
583,Fitness function Shubert,50,1
580,Fitness function Shubert,45,0.8006152353649257
582,Fitness function Shubert,50,1
584,Fitness function Shubert,50,1
586,Fitness function Shubert,50,1
585,Fitness function Shubert,50,1
588,Fitness function Shubert,50,1
589,Fitness function Shubert,50,0.7997096161673007
587,Fitness function Shubert,50,1
590,Fitness function Shubert,50,1
591,Fitness function Shubert,50,1
593,Fitness function Shubert,50,0.7997096161673007
592,Fitness function Shubert,50,1
594,Fitness function Shubert,50,1
596,Fitness function Shubert,50,0.7997096161673007
595,Fitness function Shubert,50,1
598,Fitness function Shubert,50,1
599,Fitness function Shubert,50,1
597,Fitness function Shubert,50,1
600,Fitness function Shubert,50,1
601,Fitness function Shubert,55,1
603,Fitness function Shubert,55,1
602,Fitness function Shubert,55,1
604,Fitness function Shubert,55,1
605,Fitness function Shubert,55,1
609,Fitness function Shubert,55,1
607,Fitness function Shubert,55,1
606,Fitness function Shubert,55,1
608,Fitness function Shubert,55,1
610,Fitness function Shubert,55,1
612,Fitness function Shubert,55,1
611,Fitness function Shubert,55,1
613,Fitness function Shubert,55,0.7997096161673007
614,Fitness function Shubert,55,1
617,Fitness function Shubert,55,1
615,Fitness function Shubert,55,1
618,Fitness function Shubert,55,1
616,Fitness function Shubert,55,1
623,Fitness function Shubert,60,1
620,Fitness function Shubert,55,1
621,Fitness function Shubert,60,1
619,Fitness function Shubert,55,1
622,Fitness function Shubert,60,1
624,Fitness function Shubert,60,1
625,Fitness function Shubert,60,1
626,Fitness function Shubert,60,1
627,Fitness function Shubert,60,1
628,Fitness function Shubert,60,1
629,Fitness function Shubert,60,1
633,Fitness function Shubert,60,1
630,Fitness function Shubert,60,1
631,Fitness function Shubert,60,1
632,Fitness function Shubert,60,1
634,Fitness function Shubert,60,1
635,Fitness function Shubert,60,1
637,Fitness function Shubert,60,1
636,Fitness function Shubert,60,1
638,Fitness function Shubert,60,1
639,Fitness function Shubert,60,1
641,Fitness function Shubert,65,1
640,Fitness function Shubert,60,1
642,Fitness function Shubert,65,1
643,Fitness function Shubert,65,1
644,Fitness function Shubert,65,1
645,Fitness function Shubert,65,1
646,Fitness function Shubert,65,1
647,Fitness function Shubert,65,1
648,Fitness function Shubert,65,1
649,Fitness function Shubert,65,1
650,Fitness function Shubert,65,1
651,Fitness function Shubert,65,1
652,Fitness function Shubert,65,1
653,Fitness function Shubert,65,1
654,Fitness function Shubert,65,1
655,Fitness function Shubert,65,1
656,Fitness function Shubert,65,1
657,Fitness function Shubert,65,1
658,Fitness function Shubert,65,1
661,Fitness function Shubert,70,1
660,Fitness function Shubert,65,1
662,Fitness function Shubert,70,1
659,Fitness function Shubert,65,1
663,Fitness function Shubert,70,1
665,Fitness function Shubert,70,1
664,Fitness function Shubert,70,1
666,Fitness function Shubert,70,1
669,Fitness function Shubert,70,1
667,Fitness function Shubert,70,1
668,Fitness function Shubert,70,1
671,Fitness function Shubert,70,1
670,Fitness function Shubert,70,1
672,Fitness function Shubert,70,1
675,Fitness function Shubert,70,1
676,Fitness function Shubert,70,1
673,Fitness function Shubert,70,1
674,Fitness function Shubert,70,1
678,Fitness function Shubert,70,1
677,Fitness function Shubert,70,1
679,Fitness function Shubert,70,1
680,Fitness function Shubert,70,1
682,Fitness function Shubert,75,1
681,Fitness function Shubert,75,1
686,Fitness function Shubert,75,1
683,Fitness function Shubert,75,1
684,Fitness function Shubert,75,1
685,Fitness function Shubert,75,1
688,Fitness function Shubert,75,1
687,Fitness function Shubert,75,1
689,Fitness function Shubert,75,1
690,Fitness function Shubert,75,1
691,Fitness function Shubert,75,1
692,Fitness function Shubert,75,1
693,Fitness function Shubert,75,1
695,Fitness function Shubert,75,1
694,Fitness function Shubert,75,1
696,Fitness function Shubert,75,1
697,Fitness function Shubert,75,1
698,Fitness function Shubert,75,1
699,Fitness function Shubert,75,1
700,Fitness function Shubert,75,0.8006152353649257
702,Fitness function Shubert,80,1
701,Fitness function Shubert,80,1
703,Fitness function Shubert,80,1
704,Fitness function Shubert,80,1
705,Fitness function Shubert,80,1
706,Fitness function Shubert,80,1
707,Fitness function Shubert,80,1
709,Fitness function Shubert,80,1
708,Fitness function Shubert,80,1
711,Fitness function Shubert,80,1
710,Fitness function Shubert,80,1
712,Fitness function Shubert,80,1
714,Fitness function Shubert,80,1
713,Fitness function Shubert,80,1
715,Fitness function Shubert,80,1
716,Fitness function Shubert,80,1
719,Fitness function Shubert,80,1
718,Fitness function Shubert,80,1
717,Fitness function Shubert,80,1
722,Fitness function Shubert,85,1
720,Fitness function Shubert,80,1
721,Fitness function Shubert,85,1
723,Fitness function Shubert,85,1
725,Fitness function Shubert,85,1
724,Fitness function Shubert,85,1
728,Fitness function Shubert,85,1
729,Fitness function Shubert,85,1
727,Fitness function Shubert,85,1
726,Fitness function Shubert,85,1
730,Fitness function Shubert,85,1
731,Fitness function Shubert,85,1
732,Fitness function Shubert,85,1
734,Fitness function Shubert,85,1
735,Fitness function Shubert,85,1
733,Fitness function Shubert,85,1
736,Fitness function Shubert,85,1
737,Fitness function Shubert,85,1
738,Fitness function Shubert,85,1
739,Fitness function Shubert,85,1
740,Fitness function Shubert,85,1
741,Fitness function Shubert,90,1
742,Fitness function Shubert,90,1
743,Fitness function Shubert,90,1
744,Fitness function Shubert,90,1
745,Fitness function Shubert,90,1
746,Fitness function Shubert,90,1
747,Fitness function Shubert,90,1
748,Fitness function Shubert,90,1
749,Fitness function Shubert,90,1
751,Fitness function Shubert,90,1
750,Fitness function Shubert,90,1
752,Fitness function Shubert,90,0.7997096161673007
753,Fitness function Shubert,90,1
755,Fitness function Shubert,90,1
754,Fitness function Shubert,90,1
758,Fitness function Shubert,90,1
756,Fitness function Shubert,90,1
757,Fitness function Shubert,90,1
761,Fitness function Shubert,95,1
760,Fitness function Shubert,90,1
762,Fitness function Shubert,95,1
759,Fitness function Shubert,90,1
764,Fitness function Shubert,95,1
765,Fitness function Shubert,95,1
768,Fitness function Shubert,95,1
763,Fitness function Shubert,95,1
767,Fitness function Shubert,95,1
766,Fitness function Shubert,95,1
769,Fitness function Shubert,95,1
771,Fitness function Shubert,95,1
772,Fitness function Shubert,95,1
770,Fitness function Shubert,95,1
774,Fitness function Shubert,95,1
773,Fitness function Shubert,95,1
775,Fitness function Shubert,95,1
776,Fitness function Shubert,95,1
778,Fitness function Shubert,95,1
777,Fitness function Shubert,95,1
779,Fitness function Shubert,95,1
781,Fitness function Shubert,100,1
780,Fitness function Shubert,95,1
782,Fitness function Shubert,100,1
783,Fitness function Shubert,100,1
784,Fitness function Shubert,100,1
785,Fitness function Shubert,100,1
788,Fitness function Shubert,100,1
787,Fitness function Shubert,100,1
786,Fitness function Shubert,100,1
790,Fitness function Shubert,100,1
792,Fitness function Shubert,100,1
791,Fitness function Shubert,100,1
789,Fitness function Shubert,100,1
793,Fitness function Shubert,100,1
794,Fitness function Shubert,100,1
801,Fitness function Eggholder,5,1
802,Fitness function Eggholder,5,0.8716701604343182
795,Fitness function Shubert,100,1
796,Fitness function Shubert,100,1
797,Fitness function Shubert,100,1
798,Fitness function Shubert,100,1
800,Fitness function Shubert,100,1
799,Fitness function Shubert,100,1
806,Fitness function Eggholder,5,1
805,Fitness function Eggholder,5,1
804,Fitness function Eggholder,5,0.6740376489058941
803,Fitness function Eggholder,5,0.9982479111799474
809,Fitness function Eggholder,5,0.9984001187799274
808,Fitness function Eggholder,5,0.9787167886396634
810,Fitness function Eggholder,5,1
807,Fitness function Eggholder,5,1
811,Fitness function Eggholder,5,1
812,Fitness function Eggholder,5,0.9971481260125323
813,Fitness function Eggholder,5,0.9984417166789745
814,Fitness function Eggholder,5,1
816,Fitness function Eggholder,5,0.6740376489058941
815,Fitness function Eggholder,5,1
818,Fitness function Eggholder,5,0.9999820476192709
817,Fitness function Eggholder,5,1
819,Fitness function Eggholder,5,0.6740376489058941
820,Fitness function Eggholder,5,0.9901886845153902
821,Fitness function Eggholder,10,1
822,Fitness function Eggholder,10,1
824,Fitness function Eggholder,10,1
823,Fitness function Eggholder,10,1
825,Fitness function Eggholder,10,1
826,Fitness function Eggholder,10,1
829,Fitness function Eggholder,10,1
828,Fitness function Eggholder,10,1
827,Fitness function Eggholder,10,1
830,Fitness function Eggholder,10,1
831,Fitness function Eggholder,10,1
833,Fitness function Eggholder,10,0.9321823677527596
835,Fitness function Eggholder,10,1
836,Fitness function Eggholder,10,0.9994937277712864
832,Fitness function Eggholder,10,1
834,Fitness function Eggholder,10,0.6740376489058941
838,Fitness function Eggholder,10,1
839,Fitness function Eggholder,10,1
837,Fitness function Eggholder,10,1
840,Fitness function Eggholder,10,1
841,Fitness function Eggholder,15,1
843,Fitness function Eggholder,15,1
845,Fitness function Eggholder,15,0.9325435065817351
842,Fitness function Eggholder,15,1
844,Fitness function Eggholder,15,1
846,Fitness function Eggholder,15,1
848,Fitness function Eggholder,15,1
847,Fitness function Eggholder,15,1
849,Fitness function Eggholder,15,1
850,Fitness function Eggholder,15,1
851,Fitness function Eggholder,15,1
852,Fitness function Eggholder,15,1
855,Fitness function Eggholder,15,1
854,Fitness function Eggholder,15,1
853,Fitness function Eggholder,15,1
856,Fitness function Eggholder,15,1
857,Fitness function Eggholder,15,1
858,Fitness function Eggholder,15,1
859,Fitness function Eggholder,15,1
861,Fitness function Eggholder,20,1
864,Fitness function Eggholder,20,1
863,Fitness function Eggholder,20,1
862,Fitness function Eggholder,20,1
860,Fitness function Eggholder,15,1
865,Fitness function Eggholder,20,1
867,Fitness function Eggholder,20,1
866,Fitness function Eggholder,20,1
868,Fitness function Eggholder,20,1
869,Fitness function Eggholder,20,1
873,Fitness function Eggholder,20,1
870,Fitness function Eggholder,20,1
871,Fitness function Eggholder,20,1
872,Fitness function Eggholder,20,1
874,Fitness function Eggholder,20,1
877,Fitness function Eggholder,20,1
876,Fitness function Eggholder,20,1
875,Fitness function Eggholder,20,1
878,Fitness function Eggholder,20,1
879,Fitness function Eggholder,20,1
880,Fitness function Eggholder,20,1
882,Fitness function Eggholder,25,1
883,Fitness function Eggholder,25,1
881,Fitness function Eggholder,25,1
884,Fitness function Eggholder,25,1
887,Fitness function Eggholder,25,1
885,Fitness function Eggholder,25,1
886,Fitness function Eggholder,25,1
888,Fitness function Eggholder,25,1
889,Fitness function Eggholder,25,1
890,Fitness function Eggholder,25,1
892,Fitness function Eggholder,25,1
891,Fitness function Eggholder,25,1
893,Fitness function Eggholder,25,1
894,Fitness function Eggholder,25,1
895,Fitness function Eggholder,25,1
896,Fitness function Eggholder,25,1
898,Fitness function Eggholder,25,1
897,Fitness function Eggholder,25,1
900,Fitness function Eggholder,25,1
901,Fitness function Eggholder,30,1
899,Fitness function Eggholder,25,1
902,Fitness function Eggholder,30,1
903,Fitness function Eggholder,30,1
904,Fitness function Eggholder,30,1
905,Fitness function Eggholder,30,1
906,Fitness function Eggholder,30,1
907,Fitness function Eggholder,30,1
909,Fitness function Eggholder,30,1
908,Fitness function Eggholder,30,1
910,Fitness function Eggholder,30,1
911,Fitness function Eggholder,30,1
912,Fitness function Eggholder,30,1
913,Fitness function Eggholder,30,1
914,Fitness function Eggholder,30,1
915,Fitness function Eggholder,30,1
916,Fitness function Eggholder,30,1
917,Fitness function Eggholder,30,1
918,Fitness function Eggholder,30,0.7947279613413459
920,Fitness function Eggholder,30,1
919,Fitness function Eggholder,30,1
923,Fitness function Eggholder,35,1
922,Fitness function Eggholder,35,1
921,Fitness function Eggholder,35,1
924,Fitness function Eggholder,35,1
925,Fitness function Eggholder,35,1
926,Fitness function Eggholder,35,1
927,Fitness function Eggholder,35,1
928,Fitness function Eggholder,35,1
930,Fitness function Eggholder,35,1
929,Fitness function Eggholder,35,1
931,Fitness function Eggholder,35,1
933,Fitness function Eggholder,35,1
932,Fitness function Eggholder,35,1
934,Fitness function Eggholder,35,1
936,Fitness function Eggholder,35,1
935,Fitness function Eggholder,35,1
938,Fitness function Eggholder,35,1
937,Fitness function Eggholder,35,1
940,Fitness function Eggholder,35,1
939,Fitness function Eggholder,35,1
941,Fitness function Eggholder,40,1
942,Fitness function Eggholder,40,1
943,Fitness function Eggholder,40,1
946,Fitness function Eggholder,40,1
944,Fitness function Eggholder,40,1
945,Fitness function Eggholder,40,1
947,Fitness function Eggholder,40,1
948,Fitness function Eggholder,40,1
949,Fitness function Eggholder,40,1
951,Fitness function Eggholder,40,1
953,Fitness function Eggholder,40,1
950,Fitness function Eggholder,40,1
952,Fitness function Eggholder,40,1
955,Fitness function Eggholder,40,1
956,Fitness function Eggholder,40,1
954,Fitness function Eggholder,40,1
958,Fitness function Eggholder,40,1
957,Fitness function Eggholder,40,1
959,Fitness function Eggholder,40,1
960,Fitness function Eggholder,40,1
961,Fitness function Eggholder,45,1
962,Fitness function Eggholder,45,1
963,Fitness function Eggholder,45,1
966,Fitness function Eggholder,45,1
965,Fitness function Eggholder,45,1
964,Fitness function Eggholder,45,1
967,Fitness function Eggholder,45,1
968,Fitness function Eggholder,45,1
969,Fitness function Eggholder,45,1
971,Fitness function Eggholder,45,1
970,Fitness function Eggholder,45,1
972,Fitness function Eggholder,45,1
973,Fitness function Eggholder,45,1
974,Fitness function Eggholder,45,1
975,Fitness function Eggholder,45,1
976,Fitness function Eggholder,45,1
977,Fitness function Eggholder,45,1
978,Fitness function Eggholder,45,1
979,Fitness function Eggholder,45,1
980,Fitness function Eggholder,45,1
981,Fitness function Eggholder,50,1
983,Fitness function Eggholder,50,1
982,Fitness function Eggholder,50,1
986,Fitness function Eggholder,50,1
984,Fitness function Eggholder,50,1
985,Fitness function Eggholder,50,1
987,Fitness function Eggholder,50,1
988,Fitness function Eggholder,50,1
989,Fitness function Eggholder,50,1
991,Fitness function Eggholder,50,1
990,Fitness function Eggholder,50,1
994,Fitness function Eggholder,50,1
992,Fitness function Eggholder,50,1
995,Fitness function Eggholder,50,1
993,Fitness function Eggholder,50,1
996,Fitness function Eggholder,50,1
997,Fitness function Eggholder,50,1
999,Fitness function Eggholder,50,1
998,Fitness function Eggholder,50,1
1001,Fitness function Eggholder,55,1
1000,Fitness function Eggholder,50,1
1002,Fitness function Eggholder,55,1
1003,Fitness function Eggholder,55,1
1004,Fitness function Eggholder,55,1
1005,Fitness function Eggholder,55,1
1006,Fitness function Eggholder,55,1
1007,Fitness function Eggholder,55,1
1008,Fitness function Eggholder,55,1
1009,Fitness function Eggholder,55,1
1010,Fitness function Eggholder,55,1
1011,Fitness function Eggholder,55,1
1012,Fitness function Eggholder,55,1
1014,Fitness function Eggholder,55,1
1013,Fitness function Eggholder,55,1
1016,Fitness function Eggholder,55,1
1017,Fitness function Eggholder,55,1
1015,Fitness function Eggholder,55,1
1018,Fitness function Eggholder,55,1
1019,Fitness function Eggholder,55,1
1022,Fitness function Eggholder,60,1
1020,Fitness function Eggholder,55,1
1023,Fitness function Eggholder,60,1
1021,Fitness function Eggholder,60,1
1026,Fitness function Eggholder,60,1
1025,Fitness function Eggholder,60,1
1028,Fitness function Eggholder,60,1
1024,Fitness function Eggholder,60,1
1027,Fitness function Eggholder,60,1
1029,Fitness function Eggholder,60,1
1032,Fitness function Eggholder,60,1
1030,Fitness function Eggholder,60,1
1031,Fitness function Eggholder,60,1
1033,Fitness function Eggholder,60,1
1034,Fitness function Eggholder,60,1
1035,Fitness function Eggholder,60,1
1036,Fitness function Eggholder,60,1
1037,Fitness function Eggholder,60,1
1038,Fitness function Eggholder,60,1
1039,Fitness function Eggholder,60,1
1040,Fitness function Eggholder,60,1
1042,Fitness function Eggholder,65,1
1041,Fitness function Eggholder,65,1
1043,Fitness function Eggholder,65,1
1045,Fitness function Eggholder,65,1
1044,Fitness function Eggholder,65,1
1046,Fitness function Eggholder,65,1
1047,Fitness function Eggholder,65,1
1048,Fitness function Eggholder,65,1
1049,Fitness function Eggholder,65,1
1051,Fitness function Eggholder,65,1
1050,Fitness function Eggholder,65,1
1052,Fitness function Eggholder,65,1
1054,Fitness function Eggholder,65,1
1053,Fitness function Eggholder,65,1
1055,Fitness function Eggholder,65,1
1056,Fitness function Eggholder,65,1
1057,Fitness function Eggholder,65,1
1059,Fitness function Eggholder,65,1
1061,Fitness function Eggholder,70,1
1060,Fitness function Eggholder,65,1
1058,Fitness function Eggholder,65,1
1062,Fitness function Eggholder,70,1
1064,Fitness function Eggholder,70,1
1063,Fitness function Eggholder,70,1
1065,Fitness function Eggholder,70,1
1067,Fitness function Eggholder,70,1
1066,Fitness function Eggholder,70,1
1068,Fitness function Eggholder,70,1
1069,Fitness function Eggholder,70,1
1070,Fitness function Eggholder,70,1
1071,Fitness function Eggholder,70,1
1073,Fitness function Eggholder,70,1
1072,Fitness function Eggholder,70,1
1074,Fitness function Eggholder,70,1
1075,Fitness function Eggholder,70,1
1078,Fitness function Eggholder,70,1
1076,Fitness function Eggholder,70,1
1079,Fitness function Eggholder,70,1
1077,Fitness function Eggholder,70,1
1080,Fitness function Eggholder,70,1
1084,Fitness function Eggholder,75,1
1082,Fitness function Eggholder,75,1
1081,Fitness function Eggholder,75,1
1083,Fitness function Eggholder,75,1
1085,Fitness function Eggholder,75,1
1086,Fitness function Eggholder,75,1
1087,Fitness function Eggholder,75,1
1088,Fitness function Eggholder,75,1
1089,Fitness function Eggholder,75,1
1090,Fitness function Eggholder,75,1
1094,Fitness function Eggholder,75,1
1091,Fitness function Eggholder,75,1
1092,Fitness function Eggholder,75,1
1093,Fitness function Eggholder,75,1
1095,Fitness function Eggholder,75,1
1096,Fitness function Eggholder,75,1
1097,Fitness function Eggholder,75,1
1098,Fitness function Eggholder,75,1
1099,Fitness function Eggholder,75,1
1100,Fitness function Eggholder,75,1
1101,Fitness function Eggholder,80,1
1102,Fitness function Eggholder,80,1
1103,Fitness function Eggholder,80,1
1104,Fitness function Eggholder,80,1
1105,Fitness function Eggholder,80,1
1106,Fitness function Eggholder,80,1
1107,Fitness function Eggholder,80,1
1108,Fitness function Eggholder,80,1
1109,Fitness function Eggholder,80,1
1110,Fitness function Eggholder,80,1
1111,Fitness function Eggholder,80,1
1112,Fitness function Eggholder,80,1
1113,Fitness function Eggholder,80,1
1115,Fitness function Eggholder,80,1
1116,Fitness function Eggholder,80,1
1114,Fitness function Eggholder,80,1
1117,Fitness function Eggholder,80,1
1118,Fitness function Eggholder,80,1
1119,Fitness function Eggholder,80,1
1120,Fitness function Eggholder,80,1
1122,Fitness function Eggholder,85,1
1121,Fitness function Eggholder,85,1
1123,Fitness function Eggholder,85,1
1124,Fitness function Eggholder,85,1
1127,Fitness function Eggholder,85,1
1125,Fitness function Eggholder,85,1
1128,Fitness function Eggholder,85,1
1126,Fitness function Eggholder,85,1
1129,Fitness function Eggholder,85,1
1130,Fitness function Eggholder,85,1
1132,Fitness function Eggholder,85,1
1131,Fitness function Eggholder,85,1
1133,Fitness function Eggholder,85,1
1134,Fitness function Eggholder,85,1
1135,Fitness function Eggholder,85,1
1137,Fitness function Eggholder,85,1
1136,Fitness function Eggholder,85,1
1138,Fitness function Eggholder,85,1
1139,Fitness function Eggholder,85,1
1140,Fitness function Eggholder,85,1
1144,Fitness function Eggholder,90,1
1141,Fitness function Eggholder,90,1
1142,Fitness function Eggholder,90,1
1143,Fitness function Eggholder,90,1
1147,Fitness function Eggholder,90,1
1146,Fitness function Eggholder,90,1
1145,Fitness function Eggholder,90,1
1148,Fitness function Eggholder,90,1
1149,Fitness function Eggholder,90,1
1150,Fitness function Eggholder,90,1
1151,Fitness function Eggholder,90,1
1152,Fitness function Eggholder,90,1
1153,Fitness function Eggholder,90,1
1154,Fitness function Eggholder,90,1
1155,Fitness function Eggholder,90,1
1156,Fitness function Eggholder,90,1
1157,Fitness function Eggholder,90,1
1160,Fitness function Eggholder,90,1
1158,Fitness function Eggholder,90,1
1159,Fitness function Eggholder,90,1
1161,Fitness function Eggholder,95,1
1163,Fitness function Eggholder,95,1
1162,Fitness function Eggholder,95,1
1164,Fitness function Eggholder,95,1
1165,Fitness function Eggholder,95,1
1166,Fitness function Eggholder,95,1
1167,Fitness function Eggholder,95,1
1168,Fitness function Eggholder,95,1
1169,Fitness function Eggholder,95,1
1170,Fitness function Eggholder,95,1
1171,Fitness function Eggholder,95,1
1172,Fitness function Eggholder,95,1
1173,Fitness function Eggholder,95,1
1175,Fitness function Eggholder,95,1
1176,Fitness function Eggholder,95,1
1174,Fitness function Eggholder,95,1
1177,Fitness function Eggholder,95,1
1178,Fitness function Eggholder,95,1
1181,Fitness function Eggholder,100,1
1180,Fitness function Eggholder,95,1
1179,Fitness function Eggholder,95,1
1182,Fitness function Eggholder,100,1
1183,Fitness function Eggholder,100,1
1185,Fitness function Eggholder,100,1
1184,Fitness function Eggholder,100,1
1186,Fitness function Eggholder,100,1
1187,Fitness function Eggholder,100,1
1188,Fitness function Eggholder,100,1
1189,Fitness function Eggholder,100,1
1190,Fitness function Eggholder,100,1
1191,Fitness function Eggholder,100,1
1192,Fitness function Eggholder,100,1
1193,Fitness function Eggholder,100,1
1194,Fitness function Eggholder,100,1
1195,Fitness function Eggholder,100,1
1196,Fitness function Eggholder,100,1
1198,Fitness function Eggholder,100,1
1197,Fitness function Eggholder,100,1
1199,Fitness function Eggholder,100,1
1200,Fitness function Eggholder,100,1
