12,Fitness function Schaffer,0.05,13,1
16,Fitness function Schaffer,0.05,14,1
7,Fitness function Schaffer,0.05,13,1
11,Fitness function Schaffer,0.05,100,0.956889443565618
6,Fitness function Schaffer,0.05,39,1
8,Fitness function Schaffer,0.05,22,1
13,Fitness function Schaffer,0.05,13,1
3,Fitness function Schaffer,0.05,4,1
15,Fitness function Schaffer,0.05,11,1
9,Fitness function Schaffer,0.05,45,1
10,Fitness function Schaffer,0.05,8,1
1,Fitness function Schaffer,0.05,20,1
14,Fitness function Schaffer,0.05,30,1
4,Fitness function Schaffer,0.05,21,1
5,Fitness function Schaffer,0.05,19,1
2,Fitness function Schaffer,0.05,47,1
17,Fitness function Schaffer,0.05,100,0.9619170347814971
18,Fitness function Schaffer,0.05,65,1
19,Fitness function Schaffer,0.05,14,1
24,Fitness function Schaffer,0.05,8,1
22,Fitness function Schaffer,0.05,100,0.9992952506441721
20,Fitness function Schaffer,0.05,15,1
23,Fitness function Schaffer,0.05,12,1
21,Fitness function Schaffer,0.05,100,0.9992952506441721
25,Fitness function Schaffer,0.05,29,1
26,Fitness function Schaffer,0.05,8,1
30,Fitness function Schaffer,0.05,13,1
29,Fitness function Schaffer,0.05,18,1
28,Fitness function Schaffer,0.05,100,0.9992952506441721
27,Fitness function Schaffer,0.05,100,0.9992952506441721
31,Fitness function Shubert,0.05,100,0.8006152353649257
32,Fitness function Shubert,0.05,100,0.7927887967454764
33,Fitness function Shubert,0.05,21,1
34,Fitness function Shubert,0.05,100,0.7997096161673007
35,Fitness function Shubert,0.05,24,1
37,Fitness function Shubert,0.05,23,1
36,Fitness function Shubert,0.05,8,1
42,Fitness function Shubert,0.05,12,1
39,Fitness function Shubert,0.05,9,1
43,Fitness function Shubert,0.05,18,1
40,Fitness function Shubert,0.05,20,1
41,Fitness function Shubert,0.05,12,1
44,Fitness function Shubert,0.05,12,1
38,Fitness function Shubert,0.05,100,0.7997096161673007
45,Fitness function Shubert,0.05,100,0.9985568600711736
47,Fitness function Shubert,0.05,29,1
46,Fitness function Shubert,0.05,18,1
48,Fitness function Shubert,0.05,100,0.800194991694345
50,Fitness function Shubert,0.05,100,0.7997096161673007
49,Fitness function Shubert,0.05,100,0.7961619516654551
51,Fitness function Shubert,0.05,15,1
52,Fitness function Shubert,0.05,33,1
53,Fitness function Shubert,0.05,18,1
61,Fitness function Eggholder,0.05,15,1
62,Fitness function Eggholder,0.05,42,1
54,Fitness function Shubert,0.05,25,1
63,Fitness function Eggholder,0.05,100,0.998449027870186
58,Fitness function Shubert,0.05,14,1
57,Fitness function Shubert,0.05,11,1
56,Fitness function Shubert,0.05,100,0.800194991694345
60,Fitness function Shubert,0.05,15,1
55,Fitness function Shubert,0.05,100,0.7997096161673007
59,Fitness function Shubert,0.05,100,0.7997096161673007
64,Fitness function Eggholder,0.05,100,0.9999820476192709
66,Fitness function Eggholder,0.05,16,1
65,Fitness function Eggholder,0.05,100,0.9984417166789745
67,Fitness function Eggholder,0.05,100,0.9965984615721091
69,Fitness function Eggholder,0.05,100,0.9994592038185808
68,Fitness function Eggholder,0.05,100,0.9984001187799274
70,Fitness function Eggholder,0.05,14,1
72,Fitness function Eggholder,0.05,21,1
71,Fitness function Eggholder,0.05,17,1
73,Fitness function Eggholder,0.05,23,1
74,Fitness function Eggholder,0.05,100,0.9994592038185808
76,Fitness function Eggholder,0.05,7,1
75,Fitness function Eggholder,0.05,20,1
78,Fitness function Eggholder,0.05,16,1
80,Fitness function Eggholder,0.05,100,0.998449027870186
77,Fitness function Eggholder,0.05,100,0.997601730336154
79,Fitness function Eggholder,0.05,22,1
81,Fitness function Eggholder,0.05,100,0.9994937277712864
82,Fitness function Eggholder,0.05,100,0.9984001187799274
83,Fitness function Eggholder,0.05,17,1
84,Fitness function Eggholder,0.05,14,1
86,Fitness function Eggholder,0.05,100,0.9999820476192709
85,Fitness function Eggholder,0.05,20,1
89,Fitness function Eggholder,0.05,23,1
88,Fitness function Eggholder,0.05,17,1
87,Fitness function Eggholder,0.05,21,1
90,Fitness function Eggholder,0.05,12,1
91,Fitness function Schaffer,0.1,15,1
93,Fitness function Schaffer,0.1,9,1
92,Fitness function Schaffer,0.1,13,1
95,Fitness function Schaffer,0.1,76,1
96,Fitness function Schaffer,0.1,16,1
99,Fitness function Schaffer,0.1,9,1
94,Fitness function Schaffer,0.1,21,1
97,Fitness function Schaffer,0.1,18,1
98,Fitness function Schaffer,0.1,100,0.9032847811115282
100,Fitness function Schaffer,0.1,10,1
101,Fitness function Schaffer,0.1,15,1
102,Fitness function Schaffer,0.1,100,0.9992952506441721
103,Fitness function Schaffer,0.1,21,1
105,Fitness function Schaffer,0.1,100,0.9063217751455989
104,Fitness function Schaffer,0.1,100,0.9992952506441721
106,Fitness function Schaffer,0.1,29,1
107,Fitness function Schaffer,0.1,29,1
110,Fitness function Schaffer,0.1,19,1
108,Fitness function Schaffer,0.1,32,1
109,Fitness function Schaffer,0.1,16,1
111,Fitness function Schaffer,0.1,100,0.9992952506441721
115,Fitness function Schaffer,0.1,100,0.9992952506441721
114,Fitness function Schaffer,0.1,20,1
112,Fitness function Schaffer,0.1,15,1
113,Fitness function Schaffer,0.1,100,0.956889443565618
116,Fitness function Schaffer,0.1,10,1
117,Fitness function Schaffer,0.1,20,1
118,Fitness function Schaffer,0.1,26,1
119,Fitness function Schaffer,0.1,11,1
120,Fitness function Schaffer,0.1,100,0.9992952506441721
121,Fitness function Shubert,0.1,15,1
122,Fitness function Shubert,0.1,14,1
125,Fitness function Shubert,0.1,11,1
123,Fitness function Shubert,0.1,17,1
124,Fitness function Shubert,0.1,17,1
126,Fitness function Shubert,0.1,18,1
128,Fitness function Shubert,0.1,100,0.8006152353649257
129,Fitness function Shubert,0.1,22,1
127,Fitness function Shubert,0.1,14,1
132,Fitness function Shubert,0.1,100,0.7997096161673007
131,Fitness function Shubert,0.1,70,1
133,Fitness function Shubert,0.1,19,1
130,Fitness function Shubert,0.1,100,0.7997096161673007
134,Fitness function Shubert,0.1,5,1
135,Fitness function Shubert,0.1,14,1
136,Fitness function Shubert,0.1,11,1
137,Fitness function Shubert,0.1,16,1
138,Fitness function Shubert,0.1,20,1
139,Fitness function Shubert,0.1,100,0.7996751927673003
141,Fitness function Shubert,0.1,28,1
143,Fitness function Shubert,0.1,12,1
144,Fitness function Shubert,0.1,16,1
140,Fitness function Shubert,0.1,17,1
142,Fitness function Shubert,0.1,31,1
145,Fitness function Shubert,0.1,30,1
146,Fitness function Shubert,0.1,19,1
151,Fitness function Eggholder,0.1,13,1
147,Fitness function Shubert,0.1,12,1
148,Fitness function Shubert,0.1,100,0.7997096161673007
152,Fitness function Eggholder,0.1,25,1
149,Fitness function Shubert,0.1,100,0.9993812117013755
150,Fitness function Shubert,0.1,11,1
153,Fitness function Eggholder,0.1,34,1
154,Fitness function Eggholder,0.1,100,0.9984001187799274
155,Fitness function Eggholder,0.1,15,1
158,Fitness function Eggholder,0.1,100,0.9035122111535943
156,Fitness function Eggholder,0.1,100,0.9591198392469648
157,Fitness function Eggholder,0.1,100,0.9994592038185808
160,Fitness function Eggholder,0.1,15,1
159,Fitness function Eggholder,0.1,100,0.9999820476192709
161,Fitness function Eggholder,0.1,100,0.940598775133624
162,Fitness function Eggholder,0.1,100,0.9969676229613637
163,Fitness function Eggholder,0.1,20,1
167,Fitness function Eggholder,0.1,12,1
165,Fitness function Eggholder,0.1,75,1
166,Fitness function Eggholder,0.1,93,1
164,Fitness function Eggholder,0.1,100,0.9984001187799274
168,Fitness function Eggholder,0.1,100,0.9999820476192709
170,Fitness function Eggholder,0.1,100,0.9999820476192709
169,Fitness function Eggholder,0.1,100,0.9984001187799274
171,Fitness function Eggholder,0.1,9,1
172,Fitness function Eggholder,0.1,14,1
173,Fitness function Eggholder,0.1,100,0.9984001187799274
174,Fitness function Eggholder,0.1,100,0.9984001187799274
175,Fitness function Eggholder,0.1,100,0.9999820476192709
177,Fitness function Eggholder,0.1,100,0.998449027870186
181,Fitness function Schaffer,0.15,11,1
176,Fitness function Eggholder,0.1,100,0.998449027870186
179,Fitness function Eggholder,0.1,20,1
178,Fitness function Eggholder,0.1,100,0.9999820476192709
180,Fitness function Eggholder,0.1,11,1
183,Fitness function Schaffer,0.15,50,1
182,Fitness function Schaffer,0.15,18,1
184,Fitness function Schaffer,0.15,13,1
185,Fitness function Schaffer,0.15,6,1
186,Fitness function Schaffer,0.15,100,0.9992952506441721
187,Fitness function Schaffer,0.15,15,1
188,Fitness function Schaffer,0.15,19,1
189,Fitness function Schaffer,0.15,100,0.9992952506441721
190,Fitness function Schaffer,0.15,16,1
193,Fitness function Schaffer,0.15,11,1
192,Fitness function Schaffer,0.15,17,1
191,Fitness function Schaffer,0.15,100,0.9992952506441721
195,Fitness function Schaffer,0.15,19,1
196,Fitness function Schaffer,0.15,100,0.9992952506441721
194,Fitness function Schaffer,0.15,10,1
197,Fitness function Schaffer,0.15,12,1
198,Fitness function Schaffer,0.15,10,1
199,Fitness function Schaffer,0.15,24,1
200,Fitness function Schaffer,0.15,58,1
201,Fitness function Schaffer,0.15,16,1
202,Fitness function Schaffer,0.15,80,1
203,Fitness function Schaffer,0.15,35,1
204,Fitness function Schaffer,0.15,4,1
206,Fitness function Schaffer,0.15,10,1
207,Fitness function Schaffer,0.15,8,1
205,Fitness function Schaffer,0.15,13,1
210,Fitness function Schaffer,0.15,100,0.9992952506441721
208,Fitness function Schaffer,0.15,100,0.9992952506441721
209,Fitness function Schaffer,0.15,5,1
214,Fitness function Shubert,0.15,16,1
211,Fitness function Shubert,0.15,19,1
212,Fitness function Shubert,0.15,100,0.7984768841914411
213,Fitness function Shubert,0.15,56,1
216,Fitness function Shubert,0.15,17,1
215,Fitness function Shubert,0.15,12,1
217,Fitness function Shubert,0.15,12,1
218,Fitness function Shubert,0.15,100,0.7997096161673007
219,Fitness function Shubert,0.15,100,0.7997096161673007
220,Fitness function Shubert,0.15,100,0.7997096161673007
221,Fitness function Shubert,0.15,14,1
222,Fitness function Shubert,0.15,100,0.9993812117013755
224,Fitness function Shubert,0.15,12,1
223,Fitness function Shubert,0.15,16,1
226,Fitness function Shubert,0.15,98,1
225,Fitness function Shubert,0.15,13,1
227,Fitness function Shubert,0.15,100,0.7996751927673003
229,Fitness function Shubert,0.15,12,1
228,Fitness function Shubert,0.15,16,1
230,Fitness function Shubert,0.15,27,1
232,Fitness function Shubert,0.15,16,1
231,Fitness function Shubert,0.15,15,1
233,Fitness function Shubert,0.15,39,1
234,Fitness function Shubert,0.15,100,0.7996751927673003
235,Fitness function Shubert,0.15,100,0.9993812117013755
236,Fitness function Shubert,0.15,16,1
241,Fitness function Eggholder,0.15,15,1
237,Fitness function Shubert,0.15,100,0.7997096161673007
242,Fitness function Eggholder,0.15,13,1
238,Fitness function Shubert,0.15,17,1
239,Fitness function Shubert,0.15,17,1
240,Fitness function Shubert,0.15,100,0.7997096161673007
243,Fitness function Eggholder,0.15,100,0.9999820476192709
246,Fitness function Eggholder,0.15,26,1
245,Fitness function Eggholder,0.15,15,1
244,Fitness function Eggholder,0.15,100,0.9994592038185808
247,Fitness function Eggholder,0.15,100,0.9999820476192709
248,Fitness function Eggholder,0.15,100,0.9994937277712864
249,Fitness function Eggholder,0.15,16,1
250,Fitness function Eggholder,0.15,100,0.998449027870186
252,Fitness function Eggholder,0.15,28,1
251,Fitness function Eggholder,0.15,11,1
254,Fitness function Eggholder,0.15,10,1
253,Fitness function Eggholder,0.15,12,1
255,Fitness function Eggholder,0.15,32,1
256,Fitness function Eggholder,0.15,100,0.9999820476192709
258,Fitness function Eggholder,0.15,13,1
257,Fitness function Eggholder,0.15,21,1
259,Fitness function Eggholder,0.15,14,1
260,Fitness function Eggholder,0.15,6,1
263,Fitness function Eggholder,0.15,19,1
262,Fitness function Eggholder,0.15,100,0.9984417166789745
261,Fitness function Eggholder,0.15,100,0.9999820476192709
264,Fitness function Eggholder,0.15,7,1
265,Fitness function Eggholder,0.15,23,1
266,Fitness function Eggholder,0.15,100,0.9994592038185808
267,Fitness function Eggholder,0.15,100,0.9999820476192709
268,Fitness function Eggholder,0.15,32,1
269,Fitness function Eggholder,0.15,100,0.9999820476192709
270,Fitness function Eggholder,0.15,100,0.9943245638997715
273,Fitness function Schaffer,0.2,17,1
272,Fitness function Schaffer,0.2,11,1
271,Fitness function Schaffer,0.2,100,0.9992952506441721
274,Fitness function Schaffer,0.2,100,0.9992952506441721
275,Fitness function Schaffer,0.2,8,1
276,Fitness function Schaffer,0.2,100,0.9992952506441721
280,Fitness function Schaffer,0.2,27,1
279,Fitness function Schaffer,0.2,4,1
277,Fitness function Schaffer,0.2,11,1
281,Fitness function Schaffer,0.2,12,1
278,Fitness function Schaffer,0.2,42,1
282,Fitness function Schaffer,0.2,35,1
283,Fitness function Schaffer,0.2,14,1
284,Fitness function Schaffer,0.2,16,1
285,Fitness function Schaffer,0.2,16,1
286,Fitness function Schaffer,0.2,14,1
288,Fitness function Schaffer,0.2,45,1
287,Fitness function Schaffer,0.2,22,1
290,Fitness function Schaffer,0.2,49,1
289,Fitness function Schaffer,0.2,15,1
291,Fitness function Schaffer,0.2,100,0.9992952506441721
295,Fitness function Schaffer,0.2,11,1
292,Fitness function Schaffer,0.2,16,1
294,Fitness function Schaffer,0.2,13,1
293,Fitness function Schaffer,0.2,100,0.9992952506441721
296,Fitness function Schaffer,0.2,12,1
297,Fitness function Schaffer,0.2,100,0.9992952506441721
299,Fitness function Schaffer,0.2,14,1
298,Fitness function Schaffer,0.2,14,1
300,Fitness function Schaffer,0.2,18,1
301,Fitness function Shubert,0.2,11,1
302,Fitness function Shubert,0.2,45,1
303,Fitness function Shubert,0.2,12,1
305,Fitness function Shubert,0.2,27,1
306,Fitness function Shubert,0.2,13,1
304,Fitness function Shubert,0.2,100,0.9979380717725491
307,Fitness function Shubert,0.2,15,1
310,Fitness function Shubert,0.2,16,1
308,Fitness function Shubert,0.2,100,0.8006152353649257
309,Fitness function Shubert,0.2,17,1
311,Fitness function Shubert,0.2,100,0.9993812117013755
315,Fitness function Shubert,0.2,19,1
312,Fitness function Shubert,0.2,30,1
313,Fitness function Shubert,0.2,14,1
314,Fitness function Shubert,0.2,100,0.8006152353649257
316,Fitness function Shubert,0.2,19,1
317,Fitness function Shubert,0.2,100,0.9952629675718333
318,Fitness function Shubert,0.2,13,1
319,Fitness function Shubert,0.2,100,0.998762423402751
323,Fitness function Shubert,0.2,100,0.7995762033957206
320,Fitness function Shubert,0.2,14,1
331,Fitness function Eggholder,0.2,38,1
321,Fitness function Shubert,0.2,100,0.9985568600711736
325,Fitness function Shubert,0.2,28,1
322,Fitness function Shubert,0.2,10,1
324,Fitness function Shubert,0.2,100,0.9993812117013755
332,Fitness function Eggholder,0.2,17,1
326,Fitness function Shubert,0.2,45,1
327,Fitness function Shubert,0.2,14,1
329,Fitness function Shubert,0.2,10,1
333,Fitness function Eggholder,0.2,16,1
328,Fitness function Shubert,0.2,38,1
330,Fitness function Shubert,0.2,17,1
334,Fitness function Eggholder,0.2,20,1
335,Fitness function Eggholder,0.2,100,0.940598775133624
336,Fitness function Eggholder,0.2,18,1
338,Fitness function Eggholder,0.2,44,1
337,Fitness function Eggholder,0.2,13,1
345,Fitness function Eggholder,0.2,8,1
340,Fitness function Eggholder,0.2,100,0.9994592038185808
341,Fitness function Eggholder,0.2,100,0.9999820476192709
342,Fitness function Eggholder,0.2,100,0.9994592038185808
339,Fitness function Eggholder,0.2,17,1
343,Fitness function Eggholder,0.2,17,1
344,Fitness function Eggholder,0.2,19,1
347,Fitness function Eggholder,0.2,100,0.9994937277712864
346,Fitness function Eggholder,0.2,61,1
348,Fitness function Eggholder,0.2,100,0.9984001187799274
350,Fitness function Eggholder,0.2,16,1
349,Fitness function Eggholder,0.2,100,0.998449027870186
351,Fitness function Eggholder,0.2,100,0.9994937277712864
352,Fitness function Eggholder,0.2,82,1
353,Fitness function Eggholder,0.2,100,0.9984001187799274
354,Fitness function Eggholder,0.2,17,1
358,Fitness function Eggholder,0.2,95,1
355,Fitness function Eggholder,0.2,79,1
360,Fitness function Eggholder,0.2,15,1
362,Fitness function Schaffer,0.25,17,1
356,Fitness function Eggholder,0.2,22,1
363,Fitness function Schaffer,0.25,9,1
359,Fitness function Eggholder,0.2,22,1
361,Fitness function Schaffer,0.25,18,1
357,Fitness function Eggholder,0.2,100,0.9999820476192709
364,Fitness function Schaffer,0.25,100,0.873256582798163
367,Fitness function Schaffer,0.25,26,1
365,Fitness function Schaffer,0.25,19,1
366,Fitness function Schaffer,0.25,100,0.9992952506441721
368,Fitness function Schaffer,0.25,10,1
369,Fitness function Schaffer,0.25,8,1
370,Fitness function Schaffer,0.25,7,1
375,Fitness function Schaffer,0.25,7,1
371,Fitness function Schaffer,0.25,100,0.9992952506441721
373,Fitness function Schaffer,0.25,9,1
372,Fitness function Schaffer,0.25,21,1
377,Fitness function Schaffer,0.25,67,1
374,Fitness function Schaffer,0.25,9,1
380,Fitness function Schaffer,0.25,12,1
376,Fitness function Schaffer,0.25,40,1
378,Fitness function Schaffer,0.25,27,1
379,Fitness function Schaffer,0.25,64,1
381,Fitness function Schaffer,0.25,100,0.9992952506441721
383,Fitness function Schaffer,0.25,50,1
382,Fitness function Schaffer,0.25,13,1
384,Fitness function Schaffer,0.25,14,1
385,Fitness function Schaffer,0.25,100,0.9992952506441721
386,Fitness function Schaffer,0.25,22,1
389,Fitness function Schaffer,0.25,48,1
387,Fitness function Schaffer,0.25,100,0.9992952506441721
388,Fitness function Schaffer,0.25,100,0.9992952506441721
390,Fitness function Schaffer,0.25,14,1
395,Fitness function Shubert,0.25,18,1
393,Fitness function Shubert,0.25,19,1
394,Fitness function Shubert,0.25,69,1
396,Fitness function Shubert,0.25,22,1
392,Fitness function Shubert,0.25,100,0.7997096161673007
397,Fitness function Shubert,0.25,1,1
391,Fitness function Shubert,0.25,100,0.7980017417296078
399,Fitness function Shubert,0.25,100,0.8620867250561818
398,Fitness function Shubert,0.25,100,0.9557211638114612
400,Fitness function Shubert,0.25,100,0.9985568600711736
401,Fitness function Shubert,0.25,100,0.7997096161673007
402,Fitness function Shubert,0.25,15,1
403,Fitness function Shubert,0.25,100,0.9993812117013755
405,Fitness function Shubert,0.25,12,1
406,Fitness function Shubert,0.25,100,0.8006152353649257
404,Fitness function Shubert,0.25,100,0.7997096161673007
407,Fitness function Shubert,0.25,100,0.9967061075006595
409,Fitness function Shubert,0.25,22,1
412,Fitness function Shubert,0.25,40,1
411,Fitness function Shubert,0.25,11,1
410,Fitness function Shubert,0.25,10,1
408,Fitness function Shubert,0.25,100,0.7997096161673007
413,Fitness function Shubert,0.25,87,1
415,Fitness function Shubert,0.25,100,0.8006152353649257
414,Fitness function Shubert,0.25,9,1
416,Fitness function Shubert,0.25,16,1
421,Fitness function Eggholder,0.25,22,1
417,Fitness function Shubert,0.25,11,1
422,Fitness function Eggholder,0.25,51,1
418,Fitness function Shubert,0.25,16,1
419,Fitness function Shubert,0.25,100,0.9993812117013755
420,Fitness function Shubert,0.25,100,0.8006152353649257
423,Fitness function Eggholder,0.25,13,1
426,Fitness function Eggholder,0.25,100,0.9999820476192709
425,Fitness function Eggholder,0.25,14,1
424,Fitness function Eggholder,0.25,13,1
427,Fitness function Eggholder,0.25,100,0.9994592038185808
429,Fitness function Eggholder,0.25,100,0.9984001187799274
428,Fitness function Eggholder,0.25,100,0.9984001187799274
431,Fitness function Eggholder,0.25,18,1
430,Fitness function Eggholder,0.25,16,1
432,Fitness function Eggholder,0.25,100,0.9969676229613637
435,Fitness function Eggholder,0.25,14,1
433,Fitness function Eggholder,0.25,11,1
434,Fitness function Eggholder,0.25,16,1
436,Fitness function Eggholder,0.25,100,0.9999820476192709
438,Fitness function Eggholder,0.25,26,1
437,Fitness function Eggholder,0.25,100,0.9980402146251693
439,Fitness function Eggholder,0.25,100,0.9994937277712864
441,Fitness function Eggholder,0.25,83,1
440,Fitness function Eggholder,0.25,100,0.9994592038185808
442,Fitness function Eggholder,0.25,21,1
443,Fitness function Eggholder,0.25,22,1
444,Fitness function Eggholder,0.25,63,1
445,Fitness function Eggholder,0.25,9,1
446,Fitness function Eggholder,0.25,100,0.9980402146251693
447,Fitness function Eggholder,0.25,10,1
448,Fitness function Eggholder,0.25,50,1
450,Fitness function Eggholder,0.25,100,0.9984417166789745
449,Fitness function Eggholder,0.25,18,1
451,Fitness function Schaffer,0.3,12,1
452,Fitness function Schaffer,0.3,14,1
454,Fitness function Schaffer,0.3,100,0.9992952506441721
453,Fitness function Schaffer,0.3,100,0.9992952506441721
456,Fitness function Schaffer,0.3,16,1
455,Fitness function Schaffer,0.3,96,1
458,Fitness function Schaffer,0.3,16,1
457,Fitness function Schaffer,0.3,15,1
459,Fitness function Schaffer,0.3,17,1
463,Fitness function Schaffer,0.3,17,1
462,Fitness function Schaffer,0.3,10,1
460,Fitness function Schaffer,0.3,51,1
461,Fitness function Schaffer,0.3,100,0.9992952506441721
464,Fitness function Schaffer,0.3,29,1
465,Fitness function Schaffer,0.3,14,1
466,Fitness function Schaffer,0.3,100,0.9992952506441721
467,Fitness function Schaffer,0.3,14,1
468,Fitness function Schaffer,0.3,100,0.9992952506441721
469,Fitness function Schaffer,0.3,100,0.9992952506441721
470,Fitness function Schaffer,0.3,15,1
471,Fitness function Schaffer,0.3,16,1
475,Fitness function Schaffer,0.3,100,0.9992952506441721
473,Fitness function Schaffer,0.3,76,1
472,Fitness function Schaffer,0.3,100,0.9992952506441721
474,Fitness function Schaffer,0.3,78,1
477,Fitness function Schaffer,0.3,28,1
479,Fitness function Schaffer,0.3,26,1
478,Fitness function Schaffer,0.3,16,1
476,Fitness function Schaffer,0.3,69,1
480,Fitness function Schaffer,0.3,100,0.9992952506441721
482,Fitness function Shubert,0.3,100,0.8006152353649257
481,Fitness function Shubert,0.3,12,1
483,Fitness function Shubert,0.3,100,0.9985568600711736
485,Fitness function Shubert,0.3,7,1
486,Fitness function Shubert,0.3,19,1
484,Fitness function Shubert,0.3,100,0.800194991694345
487,Fitness function Shubert,0.3,100,0.7997096161673007
491,Fitness function Shubert,0.3,13,1
488,Fitness function Shubert,0.3,17,1
489,Fitness function Shubert,0.3,11,1
494,Fitness function Shubert,0.3,100,0.8006152353649257
493,Fitness function Shubert,0.3,18,1
490,Fitness function Shubert,0.3,13,1
495,Fitness function Shubert,0.3,11,1
492,Fitness function Shubert,0.3,100,0.8006152353649257
496,Fitness function Shubert,0.3,96,1
497,Fitness function Shubert,0.3,12,1
499,Fitness function Shubert,0.3,12,1
498,Fitness function Shubert,0.3,100,0.9993812117013755
501,Fitness function Shubert,0.3,13,1
500,Fitness function Shubert,0.3,11,1
502,Fitness function Shubert,0.3,7,1
503,Fitness function Shubert,0.3,100,0.8006152353649257
504,Fitness function Shubert,0.3,18,1
505,Fitness function Shubert,0.3,9,1
511,Fitness function Eggholder,0.3,100,0.9984001187799274
506,Fitness function Shubert,0.3,12,1
508,Fitness function Shubert,0.3,68,1
507,Fitness function Shubert,0.3,11,1
512,Fitness function Eggholder,0.3,9,1
510,Fitness function Shubert,0.3,8,1
509,Fitness function Shubert,0.3,100,0.7997096161673007
513,Fitness function Eggholder,0.3,30,1
514,Fitness function Eggholder,0.3,41,1
515,Fitness function Eggholder,0.3,100,0.9984001187799274
518,Fitness function Eggholder,0.3,10,1
516,Fitness function Eggholder,0.3,100,0.9999820476192709
517,Fitness function Eggholder,0.3,33,1
519,Fitness function Eggholder,0.3,100,0.9591198392469648
520,Fitness function Eggholder,0.3,11,1
521,Fitness function Eggholder,0.3,8,1
525,Fitness function Eggholder,0.3,7,1
522,Fitness function Eggholder,0.3,13,1
523,Fitness function Eggholder,0.3,13,1
524,Fitness function Eggholder,0.3,12,1
526,Fitness function Eggholder,0.3,13,1
528,Fitness function Eggholder,0.3,17,1
527,Fitness function Eggholder,0.3,70,1
530,Fitness function Eggholder,0.3,17,1
531,Fitness function Eggholder,0.3,17,1
529,Fitness function Eggholder,0.3,19,1
533,Fitness function Eggholder,0.3,11,1
535,Fitness function Eggholder,0.3,16,1
534,Fitness function Eggholder,0.3,100,0.9999820476192709
532,Fitness function Eggholder,0.3,100,0.9999820476192709
536,Fitness function Eggholder,0.3,12,1
537,Fitness function Eggholder,0.3,12,1
538,Fitness function Eggholder,0.3,14,1
539,Fitness function Eggholder,0.3,15,1
542,Fitness function Schaffer,0.35,14,1
540,Fitness function Eggholder,0.3,13,1
541,Fitness function Schaffer,0.35,16,1
544,Fitness function Schaffer,0.35,100,0.9992952506441721
543,Fitness function Schaffer,0.35,17,1
545,Fitness function Schaffer,0.35,15,1
546,Fitness function Schaffer,0.35,15,1
547,Fitness function Schaffer,0.35,11,1
549,Fitness function Schaffer,0.35,12,1
548,Fitness function Schaffer,0.35,20,1
550,Fitness function Schaffer,0.35,55,1
551,Fitness function Schaffer,0.35,12,1
552,Fitness function Schaffer,0.35,12,1
553,Fitness function Schaffer,0.35,46,1
554,Fitness function Schaffer,0.35,100,0.9992952506441721
558,Fitness function Schaffer,0.35,13,1
557,Fitness function Schaffer,0.35,11,1
556,Fitness function Schaffer,0.35,100,0.9992952506441721
555,Fitness function Schaffer,0.35,29,1
560,Fitness function Schaffer,0.35,12,1
559,Fitness function Schaffer,0.35,100,0.9992952506441721
561,Fitness function Schaffer,0.35,9,1
562,Fitness function Schaffer,0.35,16,1
563,Fitness function Schaffer,0.35,12,1
564,Fitness function Schaffer,0.35,30,1
566,Fitness function Schaffer,0.35,100,0.9992952506441721
565,Fitness function Schaffer,0.35,23,1
568,Fitness function Schaffer,0.35,12,1
567,Fitness function Schaffer,0.35,100,0.9992952506441721
569,Fitness function Schaffer,0.35,48,1
570,Fitness function Schaffer,0.35,20,1
572,Fitness function Shubert,0.35,100,0.8006152353649257
573,Fitness function Shubert,0.35,17,1
571,Fitness function Shubert,0.35,100,0.8006152353649257
575,Fitness function Shubert,0.35,67,1
574,Fitness function Shubert,0.35,57,1
576,Fitness function Shubert,0.35,14,1
577,Fitness function Shubert,0.35,31,1
579,Fitness function Shubert,0.35,8,1
578,Fitness function Shubert,0.35,10,1
580,Fitness function Shubert,0.35,10,1
581,Fitness function Shubert,0.35,61,1
583,Fitness function Shubert,0.35,10,1
582,Fitness function Shubert,0.35,100,0.7997096161673007
584,Fitness function Shubert,0.35,13,1
585,Fitness function Shubert,0.35,18,1
586,Fitness function Shubert,0.35,5,1
588,Fitness function Shubert,0.35,10,1
587,Fitness function Shubert,0.35,8,1
590,Fitness function Shubert,0.35,16,1
589,Fitness function Shubert,0.35,100,0.7997096161673007
593,Fitness function Shubert,0.35,12,1
591,Fitness function Shubert,0.35,15,1
592,Fitness function Shubert,0.35,14,1
595,Fitness function Shubert,0.35,100,0.9339232667102804
596,Fitness function Shubert,0.35,12,1
594,Fitness function Shubert,0.35,75,1
597,Fitness function Shubert,0.35,10,1
601,Fitness function Eggholder,0.35,11,1
599,Fitness function Shubert,0.35,100,0.8006152353649257
598,Fitness function Shubert,0.35,100,0.7997096161673007
600,Fitness function Shubert,0.35,10,1
602,Fitness function Eggholder,0.35,14,1
604,Fitness function Eggholder,0.35,5,1
606,Fitness function Eggholder,0.35,16,1
603,Fitness function Eggholder,0.35,100,0.9999820476192709
605,Fitness function Eggholder,0.35,12,1
607,Fitness function Eggholder,0.35,8,1
608,Fitness function Eggholder,0.35,13,1
611,Fitness function Eggholder,0.35,12,1
610,Fitness function Eggholder,0.35,8,1
609,Fitness function Eggholder,0.35,10,1
612,Fitness function Eggholder,0.35,10,1
614,Fitness function Eggholder,0.35,16,1
615,Fitness function Eggholder,0.35,7,1
613,Fitness function Eggholder,0.35,5,1
616,Fitness function Eggholder,0.35,13,1
617,Fitness function Eggholder,0.35,9,1
618,Fitness function Eggholder,0.35,10,1
621,Fitness function Eggholder,0.35,100,0.9999820476192709
620,Fitness function Eggholder,0.35,15,1
619,Fitness function Eggholder,0.35,100,0.9999820476192709
622,Fitness function Eggholder,0.35,8,1
623,Fitness function Eggholder,0.35,11,1
624,Fitness function Eggholder,0.35,13,1
625,Fitness function Eggholder,0.35,15,1
627,Fitness function Eggholder,0.35,6,1
626,Fitness function Eggholder,0.35,12,1
628,Fitness function Eggholder,0.35,100,0.9994592038185808
629,Fitness function Eggholder,0.35,10,1
631,Fitness function Schaffer,0.4,28,1
630,Fitness function Eggholder,0.35,100,0.9984417166789745
632,Fitness function Schaffer,0.4,12,1
633,Fitness function Schaffer,0.4,95,1
634,Fitness function Schaffer,0.4,100,0.9619170347814971
635,Fitness function Schaffer,0.4,95,1
637,Fitness function Schaffer,0.4,8,1
636,Fitness function Schaffer,0.4,17,1
638,Fitness function Schaffer,0.4,13,1
639,Fitness function Schaffer,0.4,11,1
641,Fitness function Schaffer,0.4,7,1
640,Fitness function Schaffer,0.4,15,1
643,Fitness function Schaffer,0.4,17,1
642,Fitness function Schaffer,0.4,15,1
644,Fitness function Schaffer,0.4,25,1
645,Fitness function Schaffer,0.4,13,1
647,Fitness function Schaffer,0.4,100,0.9992952506441721
648,Fitness function Schaffer,0.4,17,1
646,Fitness function Schaffer,0.4,100,0.9992952506441721
649,Fitness function Schaffer,0.4,13,1
650,Fitness function Schaffer,0.4,100,0.9992952506441721
652,Fitness function Schaffer,0.4,11,1
654,Fitness function Schaffer,0.4,6,1
653,Fitness function Schaffer,0.4,12,1
651,Fitness function Schaffer,0.4,10,1
656,Fitness function Schaffer,0.4,12,1
655,Fitness function Schaffer,0.4,10,1
657,Fitness function Schaffer,0.4,100,0.9992952506441721
658,Fitness function Schaffer,0.4,12,1
659,Fitness function Schaffer,0.4,9,1
660,Fitness function Schaffer,0.4,10,1
661,Fitness function Shubert,0.4,5,1
662,Fitness function Shubert,0.4,12,1
664,Fitness function Shubert,0.4,100,0.7997096161673007
665,Fitness function Shubert,0.4,10,1
663,Fitness function Shubert,0.4,11,1
666,Fitness function Shubert,0.4,10,1
667,Fitness function Shubert,0.4,10,1
670,Fitness function Shubert,0.4,11,1
671,Fitness function Shubert,0.4,16,1
672,Fitness function Shubert,0.4,21,1
668,Fitness function Shubert,0.4,10,1
669,Fitness function Shubert,0.4,14,1
673,Fitness function Shubert,0.4,100,0.7997096161673007
674,Fitness function Shubert,0.4,12,1
675,Fitness function Shubert,0.4,17,1
676,Fitness function Shubert,0.4,29,1
677,Fitness function Shubert,0.4,36,1
678,Fitness function Shubert,0.4,13,1
680,Fitness function Shubert,0.4,8,1
681,Fitness function Shubert,0.4,10,1
679,Fitness function Shubert,0.4,13,1
682,Fitness function Shubert,0.4,9,1
683,Fitness function Shubert,0.4,100,0.8006152353649257
685,Fitness function Shubert,0.4,100,0.8006152353649257
684,Fitness function Shubert,0.4,100,0.8006152353649257
686,Fitness function Shubert,0.4,100,0.8006152353649257
687,Fitness function Shubert,0.4,20,1
688,Fitness function Shubert,0.4,100,0.8006152353649257
691,Fitness function Eggholder,0.4,12,1
692,Fitness function Eggholder,0.4,52,1
690,Fitness function Shubert,0.4,5,1
689,Fitness function Shubert,0.4,16,1
693,Fitness function Eggholder,0.4,14,1
694,Fitness function Eggholder,0.4,16,1
695,Fitness function Eggholder,0.4,8,1
697,Fitness function Eggholder,0.4,9,1
696,Fitness function Eggholder,0.4,100,0.9994937277712864
698,Fitness function Eggholder,0.4,9,1
700,Fitness function Eggholder,0.4,16,1
699,Fitness function Eggholder,0.4,10,1
701,Fitness function Eggholder,0.4,13,1
702,Fitness function Eggholder,0.4,13,1
703,Fitness function Eggholder,0.4,12,1
707,Fitness function Eggholder,0.4,5,1
704,Fitness function Eggholder,0.4,10,1
706,Fitness function Eggholder,0.4,4,1
708,Fitness function Eggholder,0.4,9,1
705,Fitness function Eggholder,0.4,14,1
709,Fitness function Eggholder,0.4,10,1
711,Fitness function Eggholder,0.4,6,1
710,Fitness function Eggholder,0.4,10,1
712,Fitness function Eggholder,0.4,14,1
713,Fitness function Eggholder,0.4,9,1
714,Fitness function Eggholder,0.4,100,0.9994937277712864
715,Fitness function Eggholder,0.4,15,1
716,Fitness function Eggholder,0.4,12,1
718,Fitness function Eggholder,0.4,10,1
717,Fitness function Eggholder,0.4,13,1
719,Fitness function Eggholder,0.4,16,1
720,Fitness function Eggholder,0.4,8,1
722,Fitness function Schaffer,0.45,6,1
723,Fitness function Schaffer,0.45,100,0.9992952506441721
721,Fitness function Schaffer,0.45,100,0.9992952506441721
724,Fitness function Schaffer,0.45,100,0.9992952506441721
727,Fitness function Schaffer,0.45,11,1
725,Fitness function Schaffer,0.45,100,0.9992952506441721
729,Fitness function Schaffer,0.45,17,1
726,Fitness function Schaffer,0.45,11,1
728,Fitness function Schaffer,0.45,18,1
730,Fitness function Schaffer,0.45,14,1
731,Fitness function Schaffer,0.45,11,1
733,Fitness function Schaffer,0.45,5,1
735,Fitness function Schaffer,0.45,12,1
732,Fitness function Schaffer,0.45,100,0.9992952506441721
734,Fitness function Schaffer,0.45,10,1
736,Fitness function Schaffer,0.45,31,1
737,Fitness function Schaffer,0.45,25,1
738,Fitness function Schaffer,0.45,100,0.9992952506441721
739,Fitness function Schaffer,0.45,100,0.9992952506441721
741,Fitness function Schaffer,0.45,100,0.9992952506441721
740,Fitness function Schaffer,0.45,11,1
743,Fitness function Schaffer,0.45,100,0.9992952506441721
744,Fitness function Schaffer,0.45,23,1
742,Fitness function Schaffer,0.45,9,1
745,Fitness function Schaffer,0.45,11,1
746,Fitness function Schaffer,0.45,100,0.9992952506441721
747,Fitness function Schaffer,0.45,17,1
748,Fitness function Schaffer,0.45,13,1
750,Fitness function Schaffer,0.45,8,1
749,Fitness function Schaffer,0.45,100,0.9992952506441721
751,Fitness function Shubert,0.45,12,1
752,Fitness function Shubert,0.45,5,1
753,Fitness function Shubert,0.45,100,0.7997096161673007
754,Fitness function Shubert,0.45,100,0.8006152353649257
760,Fitness function Shubert,0.45,14,1
755,Fitness function Shubert,0.45,100,0.7997096161673007
759,Fitness function Shubert,0.45,22,1
758,Fitness function Shubert,0.45,12,1
761,Fitness function Shubert,0.45,17,1
757,Fitness function Shubert,0.45,9,1
756,Fitness function Shubert,0.45,100,0.7997096161673007
762,Fitness function Shubert,0.45,100,0.8006152353649257
763,Fitness function Shubert,0.45,23,1
764,Fitness function Shubert,0.45,11,1
765,Fitness function Shubert,0.45,18,1
766,Fitness function Shubert,0.45,8,1
767,Fitness function Shubert,0.45,14,1
768,Fitness function Shubert,0.45,100,0.8006152353649257
769,Fitness function Shubert,0.45,100,0.8006152353649257
770,Fitness function Shubert,0.45,14,1
771,Fitness function Shubert,0.45,8,1
773,Fitness function Shubert,0.45,14,1
781,Fitness function Eggholder,0.45,10,1
772,Fitness function Shubert,0.45,12,1
776,Fitness function Shubert,0.45,23,1
774,Fitness function Shubert,0.45,12,1
778,Fitness function Shubert,0.45,15,1
782,Fitness function Eggholder,0.45,8,1
775,Fitness function Shubert,0.45,18,1
777,Fitness function Shubert,0.45,79,1
779,Fitness function Shubert,0.45,100,0.8006152353649257
780,Fitness function Shubert,0.45,17,1
783,Fitness function Eggholder,0.45,17,1
784,Fitness function Eggholder,0.45,8,1
785,Fitness function Eggholder,0.45,10,1
786,Fitness function Eggholder,0.45,11,1
787,Fitness function Eggholder,0.45,16,1
788,Fitness function Eggholder,0.45,7,1
792,Fitness function Eggholder,0.45,8,1
790,Fitness function Eggholder,0.45,8,1
789,Fitness function Eggholder,0.45,100,0.9994592038185808
791,Fitness function Eggholder,0.45,14,1
797,Fitness function Eggholder,0.45,13,1
796,Fitness function Eggholder,0.45,18,1
794,Fitness function Eggholder,0.45,12,1
795,Fitness function Eggholder,0.45,9,1
798,Fitness function Eggholder,0.45,11,1
793,Fitness function Eggholder,0.45,14,1
799,Fitness function Eggholder,0.45,8,1
800,Fitness function Eggholder,0.45,12,1
801,Fitness function Eggholder,0.45,10,1
802,Fitness function Eggholder,0.45,10,1
803,Fitness function Eggholder,0.45,11,1
805,Fitness function Eggholder,0.45,100,0.9984417166789745
804,Fitness function Eggholder,0.45,8,1
806,Fitness function Eggholder,0.45,10,1
809,Fitness function Eggholder,0.45,8,1
807,Fitness function Eggholder,0.45,100,0.9994937277712864
811,Fitness function Schaffer,0.5,14,1
813,Fitness function Schaffer,0.5,10,1
808,Fitness function Eggholder,0.45,8,1
810,Fitness function Eggholder,0.45,100,0.9969676229613637
812,Fitness function Schaffer,0.5,14,1
814,Fitness function Schaffer,0.5,15,1
816,Fitness function Schaffer,0.5,7,1
815,Fitness function Schaffer,0.5,1,1
817,Fitness function Schaffer,0.5,100,0.9992952506441721
818,Fitness function Schaffer,0.5,15,1
819,Fitness function Schaffer,0.5,80,1
820,Fitness function Schaffer,0.5,10,1
823,Fitness function Schaffer,0.5,16,1
821,Fitness function Schaffer,0.5,14,1
826,Fitness function Schaffer,0.5,13,1
824,Fitness function Schaffer,0.5,8,1
822,Fitness function Schaffer,0.5,14,1
828,Fitness function Schaffer,0.5,12,1
825,Fitness function Schaffer,0.5,100,0.9992952506441721
827,Fitness function Schaffer,0.5,10,1
829,Fitness function Schaffer,0.5,100,0.873256582798163
830,Fitness function Schaffer,0.5,100,0.9992952506441721
831,Fitness function Schaffer,0.5,12,1
832,Fitness function Schaffer,0.5,86,1
833,Fitness function Schaffer,0.5,19,1
834,Fitness function Schaffer,0.5,11,1
835,Fitness function Schaffer,0.5,12,1
836,Fitness function Schaffer,0.5,11,1
837,Fitness function Schaffer,0.5,42,1
839,Fitness function Schaffer,0.5,11,1
838,Fitness function Schaffer,0.5,56,1
840,Fitness function Schaffer,0.5,11,1
842,Fitness function Shubert,0.5,100,0.7997096161673007
841,Fitness function Shubert,0.5,100,0.7997096161673007
843,Fitness function Shubert,0.5,23,1
844,Fitness function Shubert,0.5,12,1
845,Fitness function Shubert,0.5,22,1
847,Fitness function Shubert,0.5,100,0.8006152353649257
846,Fitness function Shubert,0.5,100,0.7997096161673007
848,Fitness function Shubert,0.5,7,1
849,Fitness function Shubert,0.5,13,1
850,Fitness function Shubert,0.5,100,0.8006152353649257
851,Fitness function Shubert,0.5,12,1
852,Fitness function Shubert,0.5,20,1
853,Fitness function Shubert,0.5,100,0.7997096161673007
855,Fitness function Shubert,0.5,19,1
856,Fitness function Shubert,0.5,9,1
854,Fitness function Shubert,0.5,14,1
857,Fitness function Shubert,0.5,6,1
858,Fitness function Shubert,0.5,15,1
859,Fitness function Shubert,0.5,47,1
861,Fitness function Shubert,0.5,10,1
864,Fitness function Shubert,0.5,9,1
862,Fitness function Shubert,0.5,16,1
865,Fitness function Shubert,0.5,36,1
860,Fitness function Shubert,0.5,100,0.8006152353649257
863,Fitness function Shubert,0.5,100,0.7997096161673007
866,Fitness function Shubert,0.5,23,1
867,Fitness function Shubert,0.5,66,1
872,Fitness function Eggholder,0.5,8,1
871,Fitness function Eggholder,0.5,100,0.7947279613413459
868,Fitness function Shubert,0.5,100,0.7997096161673007
869,Fitness function Shubert,0.5,12,1
870,Fitness function Shubert,0.5,14,1
874,Fitness function Eggholder,0.5,9,1
873,Fitness function Eggholder,0.5,14,1
875,Fitness function Eggholder,0.5,12,1
878,Fitness function Eggholder,0.5,9,1
876,Fitness function Eggholder,0.5,12,1
877,Fitness function Eggholder,0.5,15,1
879,Fitness function Eggholder,0.5,13,1
880,Fitness function Eggholder,0.5,10,1
881,Fitness function Eggholder,0.5,13,1
883,Fitness function Eggholder,0.5,8,1
882,Fitness function Eggholder,0.5,9,1
887,Fitness function Eggholder,0.5,12,1
885,Fitness function Eggholder,0.5,11,1
884,Fitness function Eggholder,0.5,8,1
886,Fitness function Eggholder,0.5,12,1
888,Fitness function Eggholder,0.5,12,1
889,Fitness function Eggholder,0.5,11,1
890,Fitness function Eggholder,0.5,10,1
892,Fitness function Eggholder,0.5,10,1
891,Fitness function Eggholder,0.5,8,1
894,Fitness function Eggholder,0.5,8,1
893,Fitness function Eggholder,0.5,10,1
895,Fitness function Eggholder,0.5,10,1
896,Fitness function Eggholder,0.5,60,1
897,Fitness function Eggholder,0.5,5,1
898,Fitness function Eggholder,0.5,12,1
900,Fitness function Eggholder,0.5,12,1
899,Fitness function Eggholder,0.5,6,1
901,Fitness function Schaffer,0.55,12,1
904,Fitness function Schaffer,0.55,9,1
902,Fitness function Schaffer,0.55,18,1
903,Fitness function Schaffer,0.55,100,0.9992952506441721
906,Fitness function Schaffer,0.55,15,1
905,Fitness function Schaffer,0.55,11,1
908,Fitness function Schaffer,0.55,17,1
907,Fitness function Schaffer,0.55,11,1
909,Fitness function Schaffer,0.55,100,0.9992952506441721
912,Fitness function Schaffer,0.55,15,1
911,Fitness function Schaffer,0.55,11,1
910,Fitness function Schaffer,0.55,18,1
913,Fitness function Schaffer,0.55,4,1
914,Fitness function Schaffer,0.55,12,1
915,Fitness function Schaffer,0.55,17,1
916,Fitness function Schaffer,0.55,12,1
918,Fitness function Schaffer,0.55,12,1
917,Fitness function Schaffer,0.55,13,1
919,Fitness function Schaffer,0.55,100,0.9992952506441721
920,Fitness function Schaffer,0.55,100,0.9992952506441721
921,Fitness function Schaffer,0.55,11,1
922,Fitness function Schaffer,0.55,100,0.9992952506441721
923,Fitness function Schaffer,0.55,13,1
924,Fitness function Schaffer,0.55,13,1
925,Fitness function Schaffer,0.55,11,1
926,Fitness function Schaffer,0.55,18,1
927,Fitness function Schaffer,0.55,7,1
928,Fitness function Schaffer,0.55,10,1
929,Fitness function Schaffer,0.55,22,1
930,Fitness function Schaffer,0.55,9,1
931,Fitness function Shubert,0.55,12,1
933,Fitness function Shubert,0.55,10,1
932,Fitness function Shubert,0.55,79,1
934,Fitness function Shubert,0.55,12,1
935,Fitness function Shubert,0.55,10,1
936,Fitness function Shubert,0.55,100,0.8006152353649257
937,Fitness function Shubert,0.55,100,0.8006152353649257
938,Fitness function Shubert,0.55,100,0.7997096161673007
940,Fitness function Shubert,0.55,100,0.7997096161673007
939,Fitness function Shubert,0.55,77,1
941,Fitness function Shubert,0.55,12,1
942,Fitness function Shubert,0.55,13,1
944,Fitness function Shubert,0.55,100,0.7997096161673007
943,Fitness function Shubert,0.55,100,0.7997096161673007
945,Fitness function Shubert,0.55,14,1
946,Fitness function Shubert,0.55,13,1
947,Fitness function Shubert,0.55,12,1
950,Fitness function Shubert,0.55,11,1
949,Fitness function Shubert,0.55,12,1
948,Fitness function Shubert,0.55,100,0.9061508193758581
951,Fitness function Shubert,0.55,9,1
952,Fitness function Shubert,0.55,11,1
954,Fitness function Shubert,0.55,21,1
955,Fitness function Shubert,0.55,16,1
953,Fitness function Shubert,0.55,17,1
961,Fitness function Eggholder,0.55,12,1
957,Fitness function Shubert,0.55,12,1
962,Fitness function Eggholder,0.55,11,1
958,Fitness function Shubert,0.55,100,0.8006152353649257
956,Fitness function Shubert,0.55,100,0.8006152353649257
960,Fitness function Shubert,0.55,9,1
959,Fitness function Shubert,0.55,100,0.8006152353649257
963,Fitness function Eggholder,0.55,10,1
965,Fitness function Eggholder,0.55,11,1
964,Fitness function Eggholder,0.55,13,1
966,Fitness function Eggholder,0.55,14,1
967,Fitness function Eggholder,0.55,7,1
968,Fitness function Eggholder,0.55,8,1
970,Fitness function Eggholder,0.55,8,1
969,Fitness function Eggholder,0.55,13,1
971,Fitness function Eggholder,0.55,12,1
973,Fitness function Eggholder,0.55,11,1
972,Fitness function Eggholder,0.55,11,1
974,Fitness function Eggholder,0.55,8,1
976,Fitness function Eggholder,0.55,12,1
977,Fitness function Eggholder,0.55,9,1
975,Fitness function Eggholder,0.55,5,1
978,Fitness function Eggholder,0.55,9,1
979,Fitness function Eggholder,0.55,8,1
980,Fitness function Eggholder,0.55,12,1
981,Fitness function Eggholder,0.55,9,1
982,Fitness function Eggholder,0.55,8,1
983,Fitness function Eggholder,0.55,5,1
984,Fitness function Eggholder,0.55,7,1
985,Fitness function Eggholder,0.55,12,1
986,Fitness function Eggholder,0.55,8,1
987,Fitness function Eggholder,0.55,10,1
988,Fitness function Eggholder,0.55,14,1
989,Fitness function Eggholder,0.55,12,1
990,Fitness function Eggholder,0.55,16,1
992,Fitness function Schaffer,0.6,12,1
991,Fitness function Schaffer,0.6,9,1
994,Fitness function Schaffer,0.6,100,0.9992952506441721
993,Fitness function Schaffer,0.6,11,1
995,Fitness function Schaffer,0.6,100,0.9992952506441721
996,Fitness function Schaffer,0.6,73,1
997,Fitness function Schaffer,0.6,6,1
999,Fitness function Schaffer,0.6,10,1
998,Fitness function Schaffer,0.6,15,1
1000,Fitness function Schaffer,0.6,16,1
1001,Fitness function Schaffer,0.6,15,1
1004,Fitness function Schaffer,0.6,18,1
1002,Fitness function Schaffer,0.6,17,1
1003,Fitness function Schaffer,0.6,13,1
1005,Fitness function Schaffer,0.6,100,0.9992952506441721
1007,Fitness function Schaffer,0.6,17,1
1008,Fitness function Schaffer,0.6,11,1
1009,Fitness function Schaffer,0.6,17,1
1006,Fitness function Schaffer,0.6,21,1
1011,Fitness function Schaffer,0.6,19,1
1014,Fitness function Schaffer,0.6,9,1
1010,Fitness function Schaffer,0.6,12,1
1012,Fitness function Schaffer,0.6,91,1
1013,Fitness function Schaffer,0.6,12,1
1015,Fitness function Schaffer,0.6,22,1
1016,Fitness function Schaffer,0.6,17,1
1017,Fitness function Schaffer,0.6,100,0.9992952506441721
1020,Fitness function Schaffer,0.6,100,0.8038138036872307
1018,Fitness function Schaffer,0.6,18,1
1019,Fitness function Schaffer,0.6,23,1
1021,Fitness function Shubert,0.6,21,1
1022,Fitness function Shubert,0.6,14,1
1024,Fitness function Shubert,0.6,8,1
1025,Fitness function Shubert,0.6,18,1
1023,Fitness function Shubert,0.6,14,1
1027,Fitness function Shubert,0.6,11,1
1029,Fitness function Shubert,0.6,10,1
1026,Fitness function Shubert,0.6,100,0.8006152353649257
1031,Fitness function Shubert,0.6,8,1
1030,Fitness function Shubert,0.6,13,1
1032,Fitness function Shubert,0.6,16,1
1028,Fitness function Shubert,0.6,100,0.7997096161673007
1033,Fitness function Shubert,0.6,9,1
1034,Fitness function Shubert,0.6,11,1
1036,Fitness function Shubert,0.6,100,0.7997096161673007
1035,Fitness function Shubert,0.6,100,0.8006152353649257
1038,Fitness function Shubert,0.6,7,1
1037,Fitness function Shubert,0.6,100,0.7997096161673007
1041,Fitness function Shubert,0.6,14,1
1039,Fitness function Shubert,0.6,100,0.7997096161673007
1040,Fitness function Shubert,0.6,100,0.7997096161673007
1042,Fitness function Shubert,0.6,100,0.8006152353649257
1047,Fitness function Shubert,0.6,15,1
1052,Fitness function Eggholder,0.6,11,1
1043,Fitness function Shubert,0.6,10,1
1045,Fitness function Shubert,0.6,10,1
1044,Fitness function Shubert,0.6,12,1
1046,Fitness function Shubert,0.6,15,1
1051,Fitness function Eggholder,0.6,13,1
1048,Fitness function Shubert,0.6,30,1
1050,Fitness function Shubert,0.6,100,0.9061852557136425
1049,Fitness function Shubert,0.6,12,1
1053,Fitness function Eggholder,0.6,15,1
1054,Fitness function Eggholder,0.6,11,1
1056,Fitness function Eggholder,0.6,13,1
1055,Fitness function Eggholder,0.6,16,1
1057,Fitness function Eggholder,0.6,9,1
1058,Fitness function Eggholder,0.6,7,1
1059,Fitness function Eggholder,0.6,10,1
1063,Fitness function Eggholder,0.6,9,1
1064,Fitness function Eggholder,0.6,9,1
1060,Fitness function Eggholder,0.6,9,1
1062,Fitness function Eggholder,0.6,16,1
1065,Fitness function Eggholder,0.6,8,1
1061,Fitness function Eggholder,0.6,13,1
1066,Fitness function Eggholder,0.6,8,1
1068,Fitness function Eggholder,0.6,8,1
1067,Fitness function Eggholder,0.6,8,1
1069,Fitness function Eggholder,0.6,15,1
1070,Fitness function Eggholder,0.6,9,1
1071,Fitness function Eggholder,0.6,7,1
1073,Fitness function Eggholder,0.6,7,1
1074,Fitness function Eggholder,0.6,7,1
1072,Fitness function Eggholder,0.6,7,1
1075,Fitness function Eggholder,0.6,12,1
1076,Fitness function Eggholder,0.6,13,1
1077,Fitness function Eggholder,0.6,10,1
1080,Fitness function Eggholder,0.6,9,1
1082,Fitness function Schaffer,0.65,14,1
1083,Fitness function Schaffer,0.65,10,1
1079,Fitness function Eggholder,0.6,7,1
1084,Fitness function Schaffer,0.65,100,0.9992952506441721
1081,Fitness function Schaffer,0.65,10,1
1078,Fitness function Eggholder,0.6,13,1
1085,Fitness function Schaffer,0.65,10,1
1087,Fitness function Schaffer,0.65,13,1
1086,Fitness function Schaffer,0.65,15,1
1089,Fitness function Schaffer,0.65,15,1
1088,Fitness function Schaffer,0.65,12,1
1091,Fitness function Schaffer,0.65,14,1
1090,Fitness function Schaffer,0.65,18,1
1092,Fitness function Schaffer,0.65,12,1
1094,Fitness function Schaffer,0.65,11,1
1093,Fitness function Schaffer,0.65,100,0.873256582798163
1097,Fitness function Schaffer,0.65,12,1
1095,Fitness function Schaffer,0.65,14,1
1096,Fitness function Schaffer,0.65,13,1
1099,Fitness function Schaffer,0.65,15,1
1100,Fitness function Schaffer,0.65,10,1
1098,Fitness function Schaffer,0.65,31,1
1101,Fitness function Schaffer,0.65,14,1
1102,Fitness function Schaffer,0.65,9,1
1104,Fitness function Schaffer,0.65,48,1
1103,Fitness function Schaffer,0.65,11,1
1105,Fitness function Schaffer,0.65,14,1
1107,Fitness function Schaffer,0.65,5,1
1106,Fitness function Schaffer,0.65,12,1
1108,Fitness function Schaffer,0.65,13,1
1109,Fitness function Schaffer,0.65,16,1
1110,Fitness function Schaffer,0.65,20,1
1113,Fitness function Shubert,0.65,9,1
1112,Fitness function Shubert,0.65,5,1
1114,Fitness function Shubert,0.65,100,0.8006152353649257
1111,Fitness function Shubert,0.65,100,0.7997096161673007
1116,Fitness function Shubert,0.65,11,1
1115,Fitness function Shubert,0.65,100,0.7997096161673007
1117,Fitness function Shubert,0.65,100,0.7997096161673007
1118,Fitness function Shubert,0.65,12,1
1119,Fitness function Shubert,0.65,100,0.7997096161673007
1120,Fitness function Shubert,0.65,13,1
1121,Fitness function Shubert,0.65,14,1
1123,Fitness function Shubert,0.65,100,0.7997096161673007
1122,Fitness function Shubert,0.65,16,1
1124,Fitness function Shubert,0.65,24,1
1125,Fitness function Shubert,0.65,17,1
1126,Fitness function Shubert,0.65,100,0.7997096161673007
1127,Fitness function Shubert,0.65,100,0.8006152353649257
1128,Fitness function Shubert,0.65,14,1
1129,Fitness function Shubert,0.65,9,1
1130,Fitness function Shubert,0.65,15,1
1131,Fitness function Shubert,0.65,16,1
1132,Fitness function Shubert,0.65,100,0.7997096161673007
1133,Fitness function Shubert,0.65,14,1
1134,Fitness function Shubert,0.65,15,1
1135,Fitness function Shubert,0.65,100,0.7997096161673007
1137,Fitness function Shubert,0.65,22,1
1141,Fitness function Eggholder,0.65,10,1
1136,Fitness function Shubert,0.65,17,1
1138,Fitness function Shubert,0.65,100,0.8006152353649257
1139,Fitness function Shubert,0.65,11,1
1142,Fitness function Eggholder,0.65,14,1
1140,Fitness function Shubert,0.65,12,1
1143,Fitness function Eggholder,0.65,12,1
1145,Fitness function Eggholder,0.65,12,1
1144,Fitness function Eggholder,0.65,12,1
1146,Fitness function Eggholder,0.65,9,1
1147,Fitness function Eggholder,0.65,8,1
1149,Fitness function Eggholder,0.65,12,1
1148,Fitness function Eggholder,0.65,9,1
1150,Fitness function Eggholder,0.65,13,1
1151,Fitness function Eggholder,0.65,4,1
1153,Fitness function Eggholder,0.65,10,1
1155,Fitness function Eggholder,0.65,8,1
1152,Fitness function Eggholder,0.65,12,1
1154,Fitness function Eggholder,0.65,7,1
1156,Fitness function Eggholder,0.65,7,1
1158,Fitness function Eggholder,0.65,5,1
1157,Fitness function Eggholder,0.65,14,1
1159,Fitness function Eggholder,0.65,6,1
1160,Fitness function Eggholder,0.65,9,1
1163,Fitness function Eggholder,0.65,12,1
1162,Fitness function Eggholder,0.65,8,1
1161,Fitness function Eggholder,0.65,11,1
1164,Fitness function Eggholder,0.65,11,1
1165,Fitness function Eggholder,0.65,12,1
1166,Fitness function Eggholder,0.65,13,1
1167,Fitness function Eggholder,0.65,14,1
1168,Fitness function Eggholder,0.65,10,1
1169,Fitness function Eggholder,0.65,13,1
1170,Fitness function Eggholder,0.65,13,1
1172,Fitness function Schaffer,0.7,11,1
1171,Fitness function Schaffer,0.7,12,1
1173,Fitness function Schaffer,0.7,11,1
1174,Fitness function Schaffer,0.7,12,1
1175,Fitness function Schaffer,0.7,13,1
1176,Fitness function Schaffer,0.7,14,1
1177,Fitness function Schaffer,0.7,27,1
1178,Fitness function Schaffer,0.7,51,1
1180,Fitness function Schaffer,0.7,9,1
1179,Fitness function Schaffer,0.7,30,1
1181,Fitness function Schaffer,0.7,12,1
1182,Fitness function Schaffer,0.7,16,1
1183,Fitness function Schaffer,0.7,8,1
1185,Fitness function Schaffer,0.7,13,1
1184,Fitness function Schaffer,0.7,9,1
1186,Fitness function Schaffer,0.7,12,1
1188,Fitness function Schaffer,0.7,34,1
1187,Fitness function Schaffer,0.7,17,1
1189,Fitness function Schaffer,0.7,13,1
1190,Fitness function Schaffer,0.7,9,1
1191,Fitness function Schaffer,0.7,21,1
1192,Fitness function Schaffer,0.7,12,1
1193,Fitness function Schaffer,0.7,17,1
1194,Fitness function Schaffer,0.7,21,1
1195,Fitness function Schaffer,0.7,11,1
1196,Fitness function Schaffer,0.7,20,1
1197,Fitness function Schaffer,0.7,16,1
1198,Fitness function Schaffer,0.7,20,1
1199,Fitness function Schaffer,0.7,33,1
1200,Fitness function Schaffer,0.7,15,1
1201,Fitness function Shubert,0.7,20,1
1202,Fitness function Shubert,0.7,12,1
1204,Fitness function Shubert,0.7,14,1
1203,Fitness function Shubert,0.7,13,1
1205,Fitness function Shubert,0.7,17,1
1206,Fitness function Shubert,0.7,8,1
1207,Fitness function Shubert,0.7,22,1
1209,Fitness function Shubert,0.7,16,1
1208,Fitness function Shubert,0.7,19,1
1213,Fitness function Shubert,0.7,20,1
1215,Fitness function Shubert,0.7,12,1
1210,Fitness function Shubert,0.7,17,1
1211,Fitness function Shubert,0.7,100,0.8006152353649257
1214,Fitness function Shubert,0.7,100,0.8006152353649257
1212,Fitness function Shubert,0.7,100,0.7997096161673007
1216,Fitness function Shubert,0.7,18,1
1217,Fitness function Shubert,0.7,85,1
1218,Fitness function Shubert,0.7,26,1
1219,Fitness function Shubert,0.7,11,1
1221,Fitness function Shubert,0.7,86,1
1220,Fitness function Shubert,0.7,13,1
1223,Fitness function Shubert,0.7,17,1
1222,Fitness function Shubert,0.7,14,1
1224,Fitness function Shubert,0.7,12,1
1231,Fitness function Eggholder,0.7,13,1
1232,Fitness function Eggholder,0.7,8,1
1225,Fitness function Shubert,0.7,12,1
1227,Fitness function Shubert,0.7,32,1
1228,Fitness function Shubert,0.7,12,1
1229,Fitness function Shubert,0.7,22,1
1226,Fitness function Shubert,0.7,16,1
1230,Fitness function Shubert,0.7,100,0.8006152353649257
1233,Fitness function Eggholder,0.7,15,1
1234,Fitness function Eggholder,0.7,11,1
1236,Fitness function Eggholder,0.7,6,1
1235,Fitness function Eggholder,0.7,10,1
1238,Fitness function Eggholder,0.7,12,1
1237,Fitness function Eggholder,0.7,12,1
1239,Fitness function Eggholder,0.7,13,1
1240,Fitness function Eggholder,0.7,11,1
1241,Fitness function Eggholder,0.7,12,1
1242,Fitness function Eggholder,0.7,6,1
1243,Fitness function Eggholder,0.7,16,1
1244,Fitness function Eggholder,0.7,13,1
1245,Fitness function Eggholder,0.7,9,1
1246,Fitness function Eggholder,0.7,13,1
1248,Fitness function Eggholder,0.7,8,1
1247,Fitness function Eggholder,0.7,13,1
1249,Fitness function Eggholder,0.7,14,1
1250,Fitness function Eggholder,0.7,7,1
1251,Fitness function Eggholder,0.7,16,1
1253,Fitness function Eggholder,0.7,12,1
1252,Fitness function Eggholder,0.7,13,1
1254,Fitness function Eggholder,0.7,14,1
1255,Fitness function Eggholder,0.7,23,1
1256,Fitness function Eggholder,0.7,11,1
1258,Fitness function Eggholder,0.7,14,1
1257,Fitness function Eggholder,0.7,13,1
1260,Fitness function Eggholder,0.7,9,1
1259,Fitness function Eggholder,0.7,9,1
1262,Fitness function Schaffer,0.75,1,1
1261,Fitness function Schaffer,0.75,17,1
1264,Fitness function Schaffer,0.75,18,1
1263,Fitness function Schaffer,0.75,9,1
1265,Fitness function Schaffer,0.75,14,1
1266,Fitness function Schaffer,0.75,23,1
1268,Fitness function Schaffer,0.75,13,1
1267,Fitness function Schaffer,0.75,18,1
1269,Fitness function Schaffer,0.75,9,1
1270,Fitness function Schaffer,0.75,11,1
1271,Fitness function Schaffer,0.75,22,1
1272,Fitness function Schaffer,0.75,11,1
1273,Fitness function Schaffer,0.75,12,1
1275,Fitness function Schaffer,0.75,12,1
1276,Fitness function Schaffer,0.75,9,1
1277,Fitness function Schaffer,0.75,9,1
1274,Fitness function Schaffer,0.75,9,1
1278,Fitness function Schaffer,0.75,17,1
1279,Fitness function Schaffer,0.75,8,1
1280,Fitness function Schaffer,0.75,17,1
1281,Fitness function Schaffer,0.75,8,1
1282,Fitness function Schaffer,0.75,13,1
1283,Fitness function Schaffer,0.75,14,1
1284,Fitness function Schaffer,0.75,21,1
1285,Fitness function Schaffer,0.75,16,1
1288,Fitness function Schaffer,0.75,13,1
1287,Fitness function Schaffer,0.75,11,1
1289,Fitness function Schaffer,0.75,12,1
1286,Fitness function Schaffer,0.75,17,1
1290,Fitness function Schaffer,0.75,14,1
1291,Fitness function Shubert,0.75,18,1
1292,Fitness function Shubert,0.75,11,1
1293,Fitness function Shubert,0.75,40,1
1294,Fitness function Shubert,0.75,18,1
1295,Fitness function Shubert,0.75,15,1
1296,Fitness function Shubert,0.75,100,0.7997096161673007
1297,Fitness function Shubert,0.75,16,1
1298,Fitness function Shubert,0.75,100,0.7997096161673007
1299,Fitness function Shubert,0.75,20,1
1301,Fitness function Shubert,0.75,100,0.7997096161673007
1300,Fitness function Shubert,0.75,100,0.7997096161673007
1302,Fitness function Shubert,0.75,100,0.7997096161673007
1303,Fitness function Shubert,0.75,100,0.7997096161673007
1304,Fitness function Shubert,0.75,9,1
1305,Fitness function Shubert,0.75,96,1
1306,Fitness function Shubert,0.75,18,1
1307,Fitness function Shubert,0.75,13,1
1308,Fitness function Shubert,0.75,14,1
1309,Fitness function Shubert,0.75,13,1
1311,Fitness function Shubert,0.75,8,1
1310,Fitness function Shubert,0.75,17,1
1312,Fitness function Shubert,0.75,17,1
1313,Fitness function Shubert,0.75,18,1
1314,Fitness function Shubert,0.75,16,1
1315,Fitness function Shubert,0.75,21,1
1321,Fitness function Eggholder,0.75,8,1
1322,Fitness function Eggholder,0.75,10,1
1317,Fitness function Shubert,0.75,20,1
1316,Fitness function Shubert,0.75,100,0.7997096161673007
1320,Fitness function Shubert,0.75,15,1
1318,Fitness function Shubert,0.75,100,0.8006152353649257
1319,Fitness function Shubert,0.75,100,0.7997096161673007
1324,Fitness function Eggholder,0.75,18,1
1323,Fitness function Eggholder,0.75,7,1
1326,Fitness function Eggholder,0.75,12,1
1327,Fitness function Eggholder,0.75,11,1
1325,Fitness function Eggholder,0.75,16,1
1329,Fitness function Eggholder,0.75,16,1
1328,Fitness function Eggholder,0.75,12,1
1330,Fitness function Eggholder,0.75,2,1
1331,Fitness function Eggholder,0.75,21,1
1333,Fitness function Eggholder,0.75,11,1
1332,Fitness function Eggholder,0.75,13,1
1335,Fitness function Eggholder,0.75,16,1
1334,Fitness function Eggholder,0.75,12,1
1336,Fitness function Eggholder,0.75,11,1
1337,Fitness function Eggholder,0.75,8,1
1338,Fitness function Eggholder,0.75,11,1
1339,Fitness function Eggholder,0.75,7,1
1340,Fitness function Eggholder,0.75,9,1
1341,Fitness function Eggholder,0.75,16,1
1342,Fitness function Eggholder,0.75,19,1
1343,Fitness function Eggholder,0.75,11,1
1344,Fitness function Eggholder,0.75,16,1
1345,Fitness function Eggholder,0.75,7,1
1346,Fitness function Eggholder,0.75,17,1
1347,Fitness function Eggholder,0.75,10,1
1348,Fitness function Eggholder,0.75,13,1
1349,Fitness function Eggholder,0.75,9,1
1351,Fitness function Schaffer,0.8,17,1
1350,Fitness function Eggholder,0.75,10,1
1352,Fitness function Schaffer,0.8,13,1
1353,Fitness function Schaffer,0.8,10,1
1354,Fitness function Schaffer,0.8,16,1
1355,Fitness function Schaffer,0.8,12,1
1357,Fitness function Schaffer,0.8,11,1
1356,Fitness function Schaffer,0.8,9,1
1358,Fitness function Schaffer,0.8,17,1
1359,Fitness function Schaffer,0.8,23,1
1360,Fitness function Schaffer,0.8,12,1
1361,Fitness function Schaffer,0.8,16,1
1362,Fitness function Schaffer,0.8,10,1
1363,Fitness function Schaffer,0.8,15,1
1364,Fitness function Schaffer,0.8,12,1
1365,Fitness function Schaffer,0.8,27,1
1366,Fitness function Schaffer,0.8,10,1
1367,Fitness function Schaffer,0.8,30,1
1368,Fitness function Schaffer,0.8,21,1
1369,Fitness function Schaffer,0.8,14,1
1370,Fitness function Schaffer,0.8,9,1
1371,Fitness function Schaffer,0.8,22,1
1372,Fitness function Schaffer,0.8,8,1
1373,Fitness function Schaffer,0.8,11,1
1375,Fitness function Schaffer,0.8,17,1
1374,Fitness function Schaffer,0.8,19,1
1377,Fitness function Schaffer,0.8,20,1
1379,Fitness function Schaffer,0.8,9,1
1376,Fitness function Schaffer,0.8,26,1
1378,Fitness function Schaffer,0.8,18,1
1380,Fitness function Schaffer,0.8,25,1
1381,Fitness function Shubert,0.8,31,1
1384,Fitness function Shubert,0.8,14,1
1385,Fitness function Shubert,0.8,16,1
1382,Fitness function Shubert,0.8,27,1
1383,Fitness function Shubert,0.8,14,1
1386,Fitness function Shubert,0.8,23,1
1387,Fitness function Shubert,0.8,84,1
1388,Fitness function Shubert,0.8,23,1
1389,Fitness function Shubert,0.8,14,1
1390,Fitness function Shubert,0.8,25,1
1391,Fitness function Shubert,0.8,35,1
1393,Fitness function Shubert,0.8,19,1
1394,Fitness function Shubert,0.8,21,1
1395,Fitness function Shubert,0.8,100,0.8006152353649257
1396,Fitness function Shubert,0.8,15,1
1392,Fitness function Shubert,0.8,100,0.8006152353649257
1397,Fitness function Shubert,0.8,100,0.8006152353649257
1398,Fitness function Shubert,0.8,25,1
1400,Fitness function Shubert,0.8,17,1
1399,Fitness function Shubert,0.8,100,0.8006152353649257
1401,Fitness function Shubert,0.8,11,1
1402,Fitness function Shubert,0.8,16,1
1403,Fitness function Shubert,0.8,13,1
1411,Fitness function Eggholder,0.8,18,1
1404,Fitness function Shubert,0.8,18,1
1412,Fitness function Eggholder,0.8,16,1
1405,Fitness function Shubert,0.8,100,0.8006152353649257
1406,Fitness function Shubert,0.8,21,1
1408,Fitness function Shubert,0.8,16,1
1410,Fitness function Shubert,0.8,15,1
1407,Fitness function Shubert,0.8,100,0.7997096161673007
1409,Fitness function Shubert,0.8,15,1
1413,Fitness function Eggholder,0.8,20,1
1414,Fitness function Eggholder,0.8,15,1
1416,Fitness function Eggholder,0.8,14,1
1415,Fitness function Eggholder,0.8,9,1
1417,Fitness function Eggholder,0.8,16,1
1418,Fitness function Eggholder,0.8,8,1
1419,Fitness function Eggholder,0.8,15,1
1420,Fitness function Eggholder,0.8,12,1
1421,Fitness function Eggholder,0.8,17,1
1422,Fitness function Eggholder,0.8,16,1
1423,Fitness function Eggholder,0.8,11,1
1425,Fitness function Eggholder,0.8,21,1
1424,Fitness function Eggholder,0.8,11,1
1428,Fitness function Eggholder,0.8,8,1
1427,Fitness function Eggholder,0.8,15,1
1426,Fitness function Eggholder,0.8,17,1
1429,Fitness function Eggholder,0.8,12,1
1430,Fitness function Eggholder,0.8,13,1
1432,Fitness function Eggholder,0.8,14,1
1431,Fitness function Eggholder,0.8,16,1
1433,Fitness function Eggholder,0.8,16,1
1434,Fitness function Eggholder,0.8,14,1
1435,Fitness function Eggholder,0.8,18,1
1436,Fitness function Eggholder,0.8,11,1
1437,Fitness function Eggholder,0.8,10,1
1438,Fitness function Eggholder,0.8,22,1
1441,Fitness function Schaffer,0.85,18,1
1442,Fitness function Schaffer,0.85,13,1
1440,Fitness function Eggholder,0.8,8,1
1443,Fitness function Schaffer,0.85,17,1
1444,Fitness function Schaffer,0.85,10,1
1439,Fitness function Eggholder,0.8,15,1
1446,Fitness function Schaffer,0.85,14,1
1448,Fitness function Schaffer,0.85,16,1
1445,Fitness function Schaffer,0.85,16,1
1447,Fitness function Schaffer,0.85,8,1
1449,Fitness function Schaffer,0.85,10,1
1451,Fitness function Schaffer,0.85,7,1
1452,Fitness function Schaffer,0.85,26,1
1450,Fitness function Schaffer,0.85,17,1
1453,Fitness function Schaffer,0.85,18,1
1454,Fitness function Schaffer,0.85,14,1
1457,Fitness function Schaffer,0.85,24,1
1455,Fitness function Schaffer,0.85,16,1
1456,Fitness function Schaffer,0.85,9,1
1459,Fitness function Schaffer,0.85,14,1
1458,Fitness function Schaffer,0.85,15,1
1460,Fitness function Schaffer,0.85,10,1
1461,Fitness function Schaffer,0.85,15,1
1462,Fitness function Schaffer,0.85,14,1
1466,Fitness function Schaffer,0.85,12,1
1463,Fitness function Schaffer,0.85,17,1
1464,Fitness function Schaffer,0.85,28,1
1465,Fitness function Schaffer,0.85,7,1
1467,Fitness function Schaffer,0.85,12,1
1468,Fitness function Schaffer,0.85,16,1
1469,Fitness function Schaffer,0.85,9,1
1470,Fitness function Schaffer,0.85,11,1
1471,Fitness function Shubert,0.85,28,1
1474,Fitness function Shubert,0.85,23,1
1473,Fitness function Shubert,0.85,100,0.8006152353649257
1472,Fitness function Shubert,0.85,18,1
1475,Fitness function Shubert,0.85,14,1
1476,Fitness function Shubert,0.85,100,0.8006152353649257
1477,Fitness function Shubert,0.85,20,1
1478,Fitness function Shubert,0.85,19,1
1479,Fitness function Shubert,0.85,18,1
1481,Fitness function Shubert,0.85,18,1
1480,Fitness function Shubert,0.85,100,0.8006152353649257
1483,Fitness function Shubert,0.85,100,0.7997096161673007
1482,Fitness function Shubert,0.85,100,0.8006152353649257
1484,Fitness function Shubert,0.85,13,1
1485,Fitness function Shubert,0.85,14,1
1486,Fitness function Shubert,0.85,100,0.8006152353649257
1487,Fitness function Shubert,0.85,18,1
1488,Fitness function Shubert,0.85,24,1
1489,Fitness function Shubert,0.85,100,0.8006152353649257
1490,Fitness function Shubert,0.85,16,1
1491,Fitness function Shubert,0.85,11,1
1492,Fitness function Shubert,0.85,67,1
1493,Fitness function Shubert,0.85,14,1
1494,Fitness function Shubert,0.85,23,1
1495,Fitness function Shubert,0.85,100,0.8006152353649257
1501,Fitness function Eggholder,0.85,24,1
1498,Fitness function Shubert,0.85,14,1
1502,Fitness function Eggholder,0.85,15,1
1496,Fitness function Shubert,0.85,15,1
1499,Fitness function Shubert,0.85,14,1
1497,Fitness function Shubert,0.85,63,1
1500,Fitness function Shubert,0.85,17,1
1503,Fitness function Eggholder,0.85,20,1
1504,Fitness function Eggholder,0.85,10,1
1505,Fitness function Eggholder,0.85,18,1
1509,Fitness function Eggholder,0.85,12,1
1508,Fitness function Eggholder,0.85,18,1
1506,Fitness function Eggholder,0.85,9,1
1507,Fitness function Eggholder,0.85,18,1
1510,Fitness function Eggholder,0.85,9,1
1511,Fitness function Eggholder,0.85,24,1
1512,Fitness function Eggholder,0.85,18,1
1513,Fitness function Eggholder,0.85,16,1
1514,Fitness function Eggholder,0.85,18,1
1515,Fitness function Eggholder,0.85,13,1
1516,Fitness function Eggholder,0.85,10,1
1518,Fitness function Eggholder,0.85,19,1
1517,Fitness function Eggholder,0.85,19,1
1519,Fitness function Eggholder,0.85,15,1
1520,Fitness function Eggholder,0.85,7,1
1521,Fitness function Eggholder,0.85,8,1
1522,Fitness function Eggholder,0.85,14,1
1523,Fitness function Eggholder,0.85,16,1
1525,Fitness function Eggholder,0.85,9,1
1524,Fitness function Eggholder,0.85,15,1
1526,Fitness function Eggholder,0.85,17,1
1527,Fitness function Eggholder,0.85,17,1
1528,Fitness function Eggholder,0.85,10,1
1529,Fitness function Eggholder,0.85,29,1
1530,Fitness function Eggholder,0.85,7,1
1532,Fitness function Schaffer,0.9,15,1
1531,Fitness function Schaffer,0.9,32,1
1535,Fitness function Schaffer,0.9,20,1
1533,Fitness function Schaffer,0.9,19,1
1534,Fitness function Schaffer,0.9,11,1
1536,Fitness function Schaffer,0.9,20,1
1538,Fitness function Schaffer,0.9,39,1
1537,Fitness function Schaffer,0.9,16,1
1539,Fitness function Schaffer,0.9,10,1
1540,Fitness function Schaffer,0.9,17,1
1541,Fitness function Schaffer,0.9,10,1
1542,Fitness function Schaffer,0.9,12,1
1543,Fitness function Schaffer,0.9,11,1
1544,Fitness function Schaffer,0.9,10,1
1545,Fitness function Schaffer,0.9,10,1
1549,Fitness function Schaffer,0.9,11,1
1548,Fitness function Schaffer,0.9,19,1
1550,Fitness function Schaffer,0.9,8,1
1547,Fitness function Schaffer,0.9,19,1
1546,Fitness function Schaffer,0.9,12,1
1551,Fitness function Schaffer,0.9,18,1
1552,Fitness function Schaffer,0.9,12,1
1553,Fitness function Schaffer,0.9,20,1
1554,Fitness function Schaffer,0.9,19,1
1555,Fitness function Schaffer,0.9,8,1
1558,Fitness function Schaffer,0.9,11,1
1556,Fitness function Schaffer,0.9,14,1
1557,Fitness function Schaffer,0.9,25,1
1559,Fitness function Schaffer,0.9,44,1
1560,Fitness function Schaffer,0.9,16,1
1561,Fitness function Shubert,0.9,100,0.7997096161673007
1562,Fitness function Shubert,0.9,10,1
1566,Fitness function Shubert,0.9,25,1
1565,Fitness function Shubert,0.9,24,1
1564,Fitness function Shubert,0.9,29,1
1563,Fitness function Shubert,0.9,8,1
1567,Fitness function Shubert,0.9,100,0.9350448520465249
1568,Fitness function Shubert,0.9,22,1
1569,Fitness function Shubert,0.9,34,1
1570,Fitness function Shubert,0.9,19,1
1572,Fitness function Shubert,0.9,22,1
1571,Fitness function Shubert,0.9,23,1
1573,Fitness function Shubert,0.9,51,1
1575,Fitness function Shubert,0.9,20,1
1574,Fitness function Shubert,0.9,100,0.9993812117013755
1576,Fitness function Shubert,0.9,23,1
1577,Fitness function Shubert,0.9,24,1
1578,Fitness function Shubert,0.9,14,1
1579,Fitness function Shubert,0.9,34,1
1580,Fitness function Shubert,0.9,90,1
1581,Fitness function Shubert,0.9,14,1
1583,Fitness function Shubert,0.9,20,1
1585,Fitness function Shubert,0.9,33,1
1584,Fitness function Shubert,0.9,100,0.8006152353649257
1582,Fitness function Shubert,0.9,100,0.8006152353649257
1586,Fitness function Shubert,0.9,11,1
1587,Fitness function Shubert,0.9,18,1
1592,Fitness function Eggholder,0.9,2,1
1588,Fitness function Shubert,0.9,23,1
1591,Fitness function Eggholder,0.9,25,1
1590,Fitness function Shubert,0.9,9,1
1593,Fitness function Eggholder,0.9,11,1
1589,Fitness function Shubert,0.9,18,1
1594,Fitness function Eggholder,0.9,26,1
1595,Fitness function Eggholder,0.9,13,1
1596,Fitness function Eggholder,0.9,14,1
1597,Fitness function Eggholder,0.9,16,1
1599,Fitness function Eggholder,0.9,8,1
1598,Fitness function Eggholder,0.9,17,1
1603,Fitness function Eggholder,0.9,15,1
1600,Fitness function Eggholder,0.9,20,1
1601,Fitness function Eggholder,0.9,27,1
1602,Fitness function Eggholder,0.9,25,1
1604,Fitness function Eggholder,0.9,16,1
1608,Fitness function Eggholder,0.9,14,1
1605,Fitness function Eggholder,0.9,12,1
1606,Fitness function Eggholder,0.9,23,1
1607,Fitness function Eggholder,0.9,19,1
1609,Fitness function Eggholder,0.9,22,1
1610,Fitness function Eggholder,0.9,23,1
1611,Fitness function Eggholder,0.9,14,1
1612,Fitness function Eggholder,0.9,20,1
1613,Fitness function Eggholder,0.9,23,1
1614,Fitness function Eggholder,0.9,14,1
1615,Fitness function Eggholder,0.9,15,1
1616,Fitness function Eggholder,0.9,18,1
1618,Fitness function Eggholder,0.9,13,1
1619,Fitness function Eggholder,0.9,12,1
1617,Fitness function Eggholder,0.9,21,1
1621,Fitness function Schaffer,0.95,31,1
1620,Fitness function Eggholder,0.9,14,1
1624,Fitness function Schaffer,0.95,4,1
1622,Fitness function Schaffer,0.95,8,1
1626,Fitness function Schaffer,0.95,30,1
1625,Fitness function Schaffer,0.95,12,1
1623,Fitness function Schaffer,0.95,26,1
1627,Fitness function Schaffer,0.95,22,1
1628,Fitness function Schaffer,0.95,13,1
1630,Fitness function Schaffer,0.95,17,1
1632,Fitness function Schaffer,0.95,9,1
1631,Fitness function Schaffer,0.95,11,1
1629,Fitness function Schaffer,0.95,33,1
1635,Fitness function Schaffer,0.95,11,1
1633,Fitness function Schaffer,0.95,16,1
1634,Fitness function Schaffer,0.95,9,1
1637,Fitness function Schaffer,0.95,8,1
1636,Fitness function Schaffer,0.95,23,1
1638,Fitness function Schaffer,0.95,12,1
1639,Fitness function Schaffer,0.95,25,1
1640,Fitness function Schaffer,0.95,12,1
1641,Fitness function Schaffer,0.95,19,1
1642,Fitness function Schaffer,0.95,23,1
1643,Fitness function Schaffer,0.95,16,1
1644,Fitness function Schaffer,0.95,11,1
1645,Fitness function Schaffer,0.95,15,1
1646,Fitness function Schaffer,0.95,14,1
1647,Fitness function Schaffer,0.95,21,1
1650,Fitness function Schaffer,0.95,7,1
1648,Fitness function Schaffer,0.95,15,1
1649,Fitness function Schaffer,0.95,27,1
1651,Fitness function Shubert,0.95,100,0.8006152353649257
1652,Fitness function Shubert,0.95,14,1
1653,Fitness function Shubert,0.95,100,0.7997096161673007
1654,Fitness function Shubert,0.95,100,0.7997096161673007
1656,Fitness function Shubert,0.95,17,1
1657,Fitness function Shubert,0.95,47,1
1655,Fitness function Shubert,0.95,38,1
1658,Fitness function Shubert,0.95,100,0.8006152353649257
1659,Fitness function Shubert,0.95,100,0.7997096161673007
1660,Fitness function Shubert,0.95,100,0.8006152353649257
1661,Fitness function Shubert,0.95,100,0.8006152353649257
1662,Fitness function Shubert,0.95,18,1
1666,Fitness function Shubert,0.95,100,0.7997096161673007
1664,Fitness function Shubert,0.95,100,0.8006152353649257
1663,Fitness function Shubert,0.95,61,1
1665,Fitness function Shubert,0.95,33,1
1667,Fitness function Shubert,0.95,12,1
1668,Fitness function Shubert,0.95,18,1
1669,Fitness function Shubert,0.95,100,0.8006152353649257
1670,Fitness function Shubert,0.95,100,0.7997096161673007
1673,Fitness function Shubert,0.95,26,1
1671,Fitness function Shubert,0.95,9,1
1672,Fitness function Shubert,0.95,40,1
1674,Fitness function Shubert,0.95,49,1
1675,Fitness function Shubert,0.95,72,1
1677,Fitness function Shubert,0.95,17,1
1678,Fitness function Shubert,0.95,38,1
1681,Fitness function Eggholder,0.95,20,1
1676,Fitness function Shubert,0.95,100,0.8006152353649257
1682,Fitness function Eggholder,0.95,4,1
1680,Fitness function Shubert,0.95,29,1
1679,Fitness function Shubert,0.95,27,1
1685,Fitness function Eggholder,0.95,10,1
1683,Fitness function Eggholder,0.95,23,1
1684,Fitness function Eggholder,0.95,3,1
1688,Fitness function Eggholder,0.95,41,1
1686,Fitness function Eggholder,0.95,13,1
1687,Fitness function Eggholder,0.95,18,1
1689,Fitness function Eggholder,0.95,9,1
1690,Fitness function Eggholder,0.95,15,1
1691,Fitness function Eggholder,0.95,12,1
1693,Fitness function Eggholder,0.95,23,1
1692,Fitness function Eggholder,0.95,36,1
1695,Fitness function Eggholder,0.95,10,1
1696,Fitness function Eggholder,0.95,9,1
1694,Fitness function Eggholder,0.95,24,1
1698,Fitness function Eggholder,0.95,21,1
1697,Fitness function Eggholder,0.95,32,1
1701,Fitness function Eggholder,0.95,25,1
1700,Fitness function Eggholder,0.95,10,1
1699,Fitness function Eggholder,0.95,9,1
1702,Fitness function Eggholder,0.95,23,1
1703,Fitness function Eggholder,0.95,17,1
1705,Fitness function Eggholder,0.95,19,1
1704,Fitness function Eggholder,0.95,39,1
1706,Fitness function Eggholder,0.95,49,1
1707,Fitness function Eggholder,0.95,22,1
1709,Fitness function Eggholder,0.95,53,1
1710,Fitness function Eggholder,0.95,7,1
1708,Fitness function Eggholder,0.95,19,1
1711,Fitness function Schaffer,1,7,1
1712,Fitness function Schaffer,1,15,1
1713,Fitness function Schaffer,1,9,1
1714,Fitness function Schaffer,1,15,1
1715,Fitness function Schaffer,1,21,1
1717,Fitness function Schaffer,1,16,1
1716,Fitness function Schaffer,1,13,1
1719,Fitness function Schaffer,1,21,1
1718,Fitness function Schaffer,1,7,1
1720,Fitness function Schaffer,1,13,1
1721,Fitness function Schaffer,1,15,1
1722,Fitness function Schaffer,1,12,1
1723,Fitness function Schaffer,1,23,1
1726,Fitness function Schaffer,1,33,1
1724,Fitness function Schaffer,1,5,1
1727,Fitness function Schaffer,1,25,1
1725,Fitness function Schaffer,1,32,1
1728,Fitness function Schaffer,1,9,1
1730,Fitness function Schaffer,1,19,1
1729,Fitness function Schaffer,1,34,1
1732,Fitness function Schaffer,1,17,1
1731,Fitness function Schaffer,1,21,1
1734,Fitness function Schaffer,1,7,1
1733,Fitness function Schaffer,1,17,1
1735,Fitness function Schaffer,1,15,1
1737,Fitness function Schaffer,1,8,1
1736,Fitness function Schaffer,1,21,1
1739,Fitness function Schaffer,1,24,1
1738,Fitness function Schaffer,1,18,1
1740,Fitness function Schaffer,1,14,1
1741,Fitness function Shubert,1,29,1
1743,Fitness function Shubert,1,9,1
1742,Fitness function Shubert,1,100,0.9993812117013755
1744,Fitness function Shubert,1,100,0.8006152353649257
1746,Fitness function Shubert,1,31,1
1745,Fitness function Shubert,1,69,1
1747,Fitness function Shubert,1,36,1
1748,Fitness function Shubert,1,20,1
1749,Fitness function Shubert,1,23,1
1751,Fitness function Shubert,1,100,0.9993812117013755
1753,Fitness function Shubert,1,5,1
1752,Fitness function Shubert,1,22,1
1750,Fitness function Shubert,1,25,1
1754,Fitness function Shubert,1,44,1
1755,Fitness function Shubert,1,40,1
1756,Fitness function Shubert,1,56,1
1757,Fitness function Shubert,1,100,0.8006152353649257
1758,Fitness function Shubert,1,100,0.8006152353649257
1759,Fitness function Shubert,1,19,1
1760,Fitness function Shubert,1,100,0.7997096161673007
1762,Fitness function Shubert,1,54,1
1761,Fitness function Shubert,1,48,1
1763,Fitness function Shubert,1,100,0.8006152353649257
1764,Fitness function Shubert,1,19,1
1765,Fitness function Shubert,1,70,1
1766,Fitness function Shubert,1,100,0.8006152353649257
1771,Fitness function Eggholder,1,21,1
1772,Fitness function Eggholder,1,14,1
1769,Fitness function Shubert,1,100,0.7997096161673007
1767,Fitness function Shubert,1,11,1
1768,Fitness function Shubert,1,100,0.7997096161673007
1770,Fitness function Shubert,1,22,1
1773,Fitness function Eggholder,1,13,1
1774,Fitness function Eggholder,1,32,1
1775,Fitness function Eggholder,1,34,1
1776,Fitness function Eggholder,1,20,1
1777,Fitness function Eggholder,1,13,1
1779,Fitness function Eggholder,1,59,1
1778,Fitness function Eggholder,1,16,1
1780,Fitness function Eggholder,1,18,1
1782,Fitness function Eggholder,1,21,1
1781,Fitness function Eggholder,1,41,1
1784,Fitness function Eggholder,1,29,1
1783,Fitness function Eggholder,1,17,1
1786,Fitness function Eggholder,1,36,1
1787,Fitness function Eggholder,1,6,1
1785,Fitness function Eggholder,1,100,0.9999820476192709
1789,Fitness function Eggholder,1,29,1
1788,Fitness function Eggholder,1,9,1
1790,Fitness function Eggholder,1,10,1
1791,Fitness function Eggholder,1,25,1
1792,Fitness function Eggholder,1,46,1
1793,Fitness function Eggholder,1,24,1
1794,Fitness function Eggholder,1,24,1
1795,Fitness function Eggholder,1,41,1
1796,Fitness function Eggholder,1,19,1
1797,Fitness function Eggholder,1,11,1
1798,Fitness function Eggholder,1,11,1
1799,Fitness function Eggholder,1,23,1
1800,Fitness function Eggholder,1,79,1
